ë‚´ìš©	ê¸ë¶€ì •
í•œë²ˆ ë“¤ë ¤ë³¸ê±´ë° ìƒê°ë³´ë‹¤ ì•Œì°¨ì„œ ì‹œê°„ ë„‰ë„‰í•˜ê²Œ ìž¡ëŠ”ê±¸ ì¶”ì²œë“œë ¤ìš”. ë“œë¼ë§ˆ ì´¬ì˜ìž¥ê°™ì•˜ì–´ìš”!	1
êµ¿	1
ìƒê°ë³´ë‹¤ ë„“ê³  êµ¬ê²½ê±°ë¦¬ë„ ì†Œì†Œí•˜ê²Œ ìžˆì—ˆì–´ìš”. 	1
ë¬¸í™”ë‹¨ì§€ì— ê³ ë¶„ ìž˜ ë³´ì•˜ìŠµë‹ˆë‹¤	1
ë¬¸í™”ë‹¨ì§€ ë‚´ì—ì„œ í•˜ë£¨ ì¢…ì¼ ë´ë„ ë¶€ì¡±í•  ì •ë„ë¡œ ë³¼ê±°ë¦¬ê°€ ë§ŽìŠµë‹ˆë‹¤. ë¬¸í™”ê´€, ëŠ¥ì‚¬, ì‚¬ë¹„ê¶, ê³ ë¶„ê³µì› ë“± ë‚ ìž¡ê³  ë‘˜ëŸ¬ë´ì•¼í•©ë‹ˆë‹¤. ë‹¤ë§Œ êµ‰ìž¥ížˆ ë„“ê¸° ë•Œë¬¸ì— ì²´ë ¥ì ìœ¼ë¡œ íž˜ë“¤ ìˆ˜ ìžˆìŠµë‹ˆë‹¤. í•œ ë²ˆì— ë‹¤ ëª»ë´ì„œ ë†€ëŸ¬ì˜¬ ë•Œë§ˆë‹¤ ë‘˜ëŸ¬ë´ì•¼ê² ë„¤ìš”. ìž˜ ë´¤ìŠµë‹ˆë‹¤.	1
ì¢‹ì•„ìš”.	1
ë³¼ê±° ë†€ê±° ë§Žê³  ê¹¨ë—í•´ìš”	1
ìž…ìž¥ë£Œì— ë¹„í•´ ë„ˆë¬´ ë³¼ê²Œì—†ì–´ì„œ ëˆ ì•„ê¹Œì› ì–´ìš”	0
ì‚¬ë¹„ë¡œ ì—´ì°¨ëŠ” ë„ˆë¬´ ëˆ ì•„ê¹Œìš´ê±° ê°™ë„¤ìš”. ê±·ê¸° ìš´ë™ë§Œ í•˜ê³  ì˜¨ ê¸°ë¶„ìž…ë‹ˆë‹¤.	0
ì¢‹ì•„ìš”	1
êµ¿	1
ë‹¤ë¥¸ ê³³ë³´ë‹¤ ìž…ìž¥ë£Œê°€ ë¹„ì‹¼íŽ¸. ì‚¬ë¹„ë¡œì—´ì°¨ëŠ” ì§§ì•„ì„œ ì•„ì‰½ì§€ë§Œ íƒˆë§Œ í•´ìš”	0
ë„ˆë¬´ ì¦ê±°ìš´ ì‹œê°„ ë³´ëƒˆìŠµë‹ˆë‹¤. ê°‘ìžê¸° ë‚ ì”¨ê°€ ì¶”ì›Œì ¸ì„œ íž˜ë“¤ê¸´í–ˆì§€ë§Œ ë³¼ê±°ë¦¬ ì²´í—˜í• ê±°ë¦¬ ì—„ì²­ ë§Žì•„ìš”	1
êµ¬ê²½í• ê²Œ ë§Žë„¤ìš”	1
ë°±ì œì‹œëŒ€ ê±´ì¶•ë¬¼ì„ ìž¬í˜„í•˜ê¸° ìœ„í•˜ì—¬ ë¶„ì•¼ë³„ ì „ë¬¸ì—°êµ¬ ê¸°ìˆ ì§„ì´ êµ­ê°€ë¬´í˜•ë¬¸í™”ìž¬ ìž¥ì¸ë“¤ê³¼ í•¨ê»˜ 20ì—¬ë…„ ë™ì•ˆ í˜¼ì„ ë‹´ì€ 184ë™ì˜ ì „í†µ ê±´ì¶•ë¬¼ì´ ì¡°ì„±ëœ ê³³! ê´€ëžŒì½”ìŠ¤ëŠ” ì±…ìžì— ì˜í•˜ë©´ ì„¸ê°€ì§€ê°€ ìžˆëŠ”ë° ìš°ë¦¬ëŠ” ì‚¬ë¹„ë¡œì—´ì°¨(ì¶”ê°€ìš”ê¸ˆ 5,000ì›)íƒ€ê³  20ë¶„ ì •ë„ í•œë°”í€´ ëŒì•˜ì–´ìš”. ë§ê·¸ëŒ€ë¡œ ìˆ˜ë°•ê²‰í•¥ê¸°! í•´ì„¤ì‚¬ë‹˜ì´ ë‚˜ë¥¸í•œ ëª©ì†Œë¦¬ë¡œ ì´ê²ƒì €ê²ƒ ì„¤ëª…í•˜ëŠ”ë° ì—´ì°¨ê°€ ì‚¬ì§„ì°ì„ í‹ˆë„ ì•ˆì£¼ê³  ì§€ë‚˜ê°€ë²„ë ¤ì„œ ëŒ€ë‚˜ë¬´ìˆ²ì—ì„œ ë‚´ë ¤ ë‹¤ì‹œ íŠ¸ë ˆí‚¹ìœ¼ë¡œ êµ¬ì„êµ¬ì„ ë‹¤ë…”ì–´ìš”. ì•„ì´ë“¤ ë°ë¦¬ê³  ì˜¤ì‹ ë¶„ë“¤ì€ ì „ê¸°ì–´ì°¨(1ì‹œê°„ 25,000ì›) ì´ìš©í•´ì„œ ë‹¤ë‹ˆì‹œëŠ” ë¶„ë“¤ë„ ë§Žì•„ìš”. ì‚¬ë¹„ê¶, ìœ„ë¡€ì„±, ê³ ë¶„ê³µì›, ìƒí™œë¬¸í™”ë§ˆì„, ê·¸ë¦¬ê³  ëŠ¥ì‚¬ê°€ ìžˆëŠ”ë° ëŠ¥ì‚¬ì—ëŠ” 5ì¸µëª©íƒ‘ì´ ìžˆì–´ìš”. í•´ì„¤ì‚¬ë‹˜ì— ì˜í•˜ë©´ íƒ‘ ê¼­ëŒ€ê¸°ì— ê¸¸ì­‰í•˜ê²Œ ì„¸ì›Œì§„ ê¸°ë‘¥ì´ ìˆœê¸ˆì´ë¼ë„¤ìš”. ìœ ìµí•œ ì‹œê°„ ë³´ëƒˆì–´ìš”!	1
ì²´í—˜ì´ ë‹¤ì–‘í•œ ìž¥ë¥´ê°€ ìžˆì–´ìš”	1
ë¶ë¹„ì§€ ì•Šì•„ ì¢‹ì•˜ìŠµë‹ˆë‹¤. ì€ê·¼ížˆ ë„“ê³  ë³¼ê±°ë¦¬ë„ ë§Žë„¤ìš”.	1
ìˆ˜ë¥™ì–‘ìš©ë²„ìŠ¤ë¥¼ íƒ€ê³  ì˜¤ë‹ˆ, ì£¼ê°„ 1,500ì› í• ì¸ì´ ì ìš©ë¼ ë§¤í‘œí•  ìˆ˜ ìžˆë”ë¼ê³ ìš”. ë¶€ì§€ê°€ ë„“ì§€ë§Œ ìž¬í˜„ ê³µê°„ì´ë¼ëŠ” í•œê³„ëŠ” ìžˆê³ ìš”(ë“œë¼ë§ˆ ì„¸íŠ¸ìž¥ìœ¼ë¡œë„ ì´ìš©ë˜ì—ˆë‹¤ê³ ) ì „ê¸°ì €ì–´ì°¨ëŠ” 1ì‹œê°„ 25,000ì›ìž…ë‹ˆë‹¤. ì°¸ê³ í•˜ì„¸ìš”.	1
ì €ë…ì— ë¶€ì—¬ì—ì„œ ë­í•´ì•¼í• ê¹Œ ê³ ë¯¼í–ˆëŠ”ë° ë§ˆì¹¨ ë‚™í™”ë†€ì´ë¥¼ í•˜ë”ë¼êµ¬ìš”. ì¤„? ê°™ì€ ê³³ì—ì„œ ë¶ˆì´ ë§‰ ë–¨ì–´ì§€ëŠ”ë° êµ‰ìž¥ížˆ ì´ë»¤ìŠµë‹ˆë‹¤. ë‚™í™” ë’¤ì— íƒ‘ì´ëž‘ ê±´ë¬¼í•˜ê³  ë„ˆë¬´ ìž˜ì–´ìš¸ë ¸ê³  ê³µì—°ë„ ë„ˆë¬´ ì¢‹ì•˜ìŠµë‹ˆë‹¤. ì¤‘ê°„ë¶€í„°ëŠ” ë§‰í˜”ë˜ ê³³ë„ ë“¤ì–´ê°€ê²Œ í•´ì¤˜ì„œ ë‚™í™”ëž‘ ê±°ë¬¸ê³  ê³µì—°ì„ ë” ê°€ê¹Œì´ ë³¼ ìˆ˜ ìžˆì—ˆì–´ìš”. ì‚¬ëžŒì´ ë§Žê¸´í–ˆëŠ”ë° ê³µê°„ì´ ë„“ì–´ì„œ ê·¸ëŸ°ì§€ ê·¸ëž˜ë„ ë‹¤ë‹ë§Œì€ í–ˆë˜ ê²ƒ ê°™ìŠµë‹ˆë‹¤ ë‹¤ìŒì—ë„ í•œë‹¤ë©´ ë˜ ë³´ëŸ¬ ê°€ê³ ì‹¶ë„¤ìš”.	1
ê³µê°„ì´ ë„“ì–´ìš”~~	1
ì¤€ë¹„ê°€ ì•ˆëœ ë‚™í™”í–‰ì‚¬ë¼ ì‹¤ë§ìž…ë‹ˆë‹¤. ìˆ˜ì²œëª…ì´ ëª¨ì¸ê²ƒ ê°™ì€ë° ì•ˆì „ìš”ì›ë„ ëª‡ëª… ì•ˆë˜ê³ , êµ°ì²­ ê´€ê³„ìžë‚˜ ê²½ì°° ë“±ë„ ì—†ì´ ì´ëŸ° ëŒ€ê·œëª¨ í–‰ì‚¬ë¥¼ ì§„í–‰í•˜ë‹¤ë‹ˆ ì–´ì´ê°€ ì—†ìŠµë‹ˆë‹¤. í¬ìŠ¤í„°ì— ìž…ìž¥ë£Œ ì–˜ê¸°ë„ ì—†ì—ˆëŠ”ë° í˜„ìž¥ì—ì„œ 5ì²œì›ì”© ë‚´ê³  ë“¤ì–´ê°€ëŠ”ê±° ì•Œì•˜ë‹¤ë©´ ì•ˆê°”ì„ ê²ë‹ˆë‹¤. ìž…ìž¥ê¶Œì„ ì‚¬ê¸°ìœ„í•´ ëª‡ë°±ëª…ì´ ì¤„ì„œ ìžˆëŠ”ê²ƒë„ ì–´ì´ì—†ê³ , ê·¸ë‚˜ë§ˆë„ ê°ë‹¹ì´ ì•ˆë˜ëŠ”ì§€ 7ì‹œì¯¤ ë˜ë‹ˆ ê·¸ëƒ¥ ë¬´ë£Œ ìž…ìž¥ìœ¼ë¡œ ë°”ë€Œì—ˆë”êµ°ìš”. ìš°ë¥´ë¥´ ëª‡ë°±ëª…ì´ ì•ˆì „ìš”ì›ë„ ì—†ì´ ëŠ¥ì‚¬ë¡œ í–¥í–ˆìŠµë‹ˆë‹¤. ë§Žì€ ì¸ì›ì´ ëª°ë¦´ê²ƒì„ ì˜ˆìƒí•˜ê¸´ í•œê²ƒ ê°™ì€ë° ì°¨ëŸ‰ í†µì œë¶€ë¶„, ì•ˆì „ ë¶€ë¶„, ìž…ìž¥ ì‹œìŠ¤í…œ ë“± ì•„ì‰¬ìš´ ì  íˆ¬ì„±ìž…ë‹ˆë‹¤	0
ë‚™í™”ë†€ì´  ë³´ê³ ì˜´... ê¸°íšíŒ€ë³´ë‹¨ ë§ˆì¼€íŒ…íŒ€ì˜ ìŠ¹ë¦¬	0
ë¶€ì—¬ë°±ì œ ë¬¸í™”ë‹¨ì§€ì—ì„œ ì²˜ìŒìœ¼ë¡œ ë‚™í™” ê°€ ìžˆì–´ì„œ ê°€ë³´ì•˜ëŠ”ë° ê°€ë³´ê¸¸ ìž˜í•œê²ƒê°™ì•„ìš” ë¶ˆì´ ë–¨ì–´ì§€ëŠ” ëª¨ìŠµì´ íƒ‘ì´ëž‘ ì–´ìš¸ë ¤ì„œ ìž¥ê´€ì„ ì´ë£¨ì—ˆëŠ”ë° ì „í†µìŒì•… ê³¼ ê°™ì´ 2ì‹œê°„ë™ì•ˆ ì§€ë£¨í•˜ì§€ ì•Šì•˜ì–´ìš” ë„ˆë¬´ ë©‹ìžˆì—ˆë‹µë‹ˆë‹¤	1
ì´ë»ìš”	1
ìŒ ë‚™í™”ë†€ì´ ê¸°ëŒ€í•˜ê³  ì¼ì • ë§žì¶°ì„œ ë°©ë¬¸í–ˆëŠ”ë°ìš´ì˜ë°©ì‹ì´ ë„ˆë¬´ ë¯¸í¡í•˜ë„¤ìš” í™ˆíŽ˜ì´ì§€ ì•ˆë‚´ì—ì„œë¶€í„° ë—ìžë¦¬ ê¸ˆì§€ëž˜ì„œ ì•ˆ ì±™ê²¼ëŠ”ë° í–‰ì‚¬ìž¥ ê°€ë³´ë‹ˆ ë‹¤ ë—ìžë¦¬ íŽ¼ì³ì„œ ìžë¦¬ ìž¡ê³  ìžˆê³ ,ë—ìžë¦¬ ì•ˆ ì±™ê²¨ ì˜¨ ì‚¬ëžŒë“¤ë„ ë¶€ëž´ë¶€ëž´ ì£¼ì°¨ìž¥ ê°€ì„œ ë—ìžë¦¬ ë‹¤ì‹œ ì±™ê²¨ì™€ì„œ íŽ¼ì¹˜ì‹œëŠ” ë¶„ë“¤ë„ ë§Žì•˜ëŠ”ë°ì œì§€ í•˜ë‚˜ë„ ì—†ìœ¼ì…¨ê³ ìš” í–‰ì‚¬ ì§ì „ì—ì„œì•¼ ë—ìžë¦¬ ê¸ˆì§€ë¼ê³  ë‹¤ë“¤ ì¼ì–´ë‚˜ë¼ê³  ì•ˆë‚´í•˜ì‹œê³ .. ê·¸ê²Œ ë” ìœ„í—˜í•´ë³´ì´ë˜...ì²˜ìŒë¶€í„° ë—ìžë¦¬ê°€ ê¸ˆì§€ë©´ ì• ì´ˆì— ìž…êµ¬ì—ì„œë¶€í„° ë—ìžë¦¬ ë°˜ìž…ê¸ˆì§€ë¥¼ ì‹œí‚¤ì‹œë˜ ì•ˆë‚´ìš”ì› ë¶„ë“¤ì´ ë—ìžë¦¬ ëª» íŽ´ê²Œ ì œì§€ë¥¼ í•˜ì…”ì•¼ ëë‹¤ê³  ë´ìš” ì¢€ ìš°ì™•ì¢Œì™•í•œ ë¶€ë¶„ë“¤ì´ ì»¸ë„¤ìš” ë‚™í™”ë†€ì´ëŠ” ë‹¤ìŒì— ë‹¤ë¥¸ì§€ì—­ìœ¼ë¡œ ë³´ëŸ¬ê°ˆëž˜ìš”ã… 	0
ë°±ì œì‹œëŒ€ì˜ ë§Žì€ ìœ ì ì„ ìž˜ í‘œí˜„í•˜ê³  ì¢‹ì•˜ìŠµë‹ˆë‹¤	1
ì¢‹ì•„ìš”	1
ì‚¬ì§„ì€ ì«Œ ëª» ë‚˜ì™”ì§€ë§Œ ë‚™í™”ì¶•ì œ ë„ˆë¬´ ì˜ˆë»ìš” ê³ ê¶ì´ëž‘ ìž˜ ì–´ìš¸ë¦¬ë„¤ìš” ì•„ì‰¬ìš´ ì ì€ ì‚¬ëžŒì´ ë„ˆë¬´ ë§Žì•„ì„œ ì¼ì° ì™”ëŠ”ë°ë„ ë¶ë²¼ì„œ ë’· ì¤„ì€ ê±°ì˜ ë³´ì´ì§€ ì•Šì•˜ì–´ìš”ã… ã… ë‹¤ë“¤ ë—ìžë¦¬ ê°€ì§€ê³  ì™€ì„œ ì•‰ì•„ìžˆë˜ë° í–‰ì‚¬ ì‹œìž‘í•˜ê³  ë‚˜ì„œì•¼ ë‹¤ ì ‘ê²Œ í•˜ì‹œë”ë¼êµ¬ìš” ì°¨ë¼ë¦¬ ì­‰ ì•‰ì•„ ìžˆê±°ë‚˜ ë¯¸ë¦¬ íŽ´ì§€ ëª»í•˜ê²Œ í–ˆìœ¼ë©´ ì¢‹ì•˜ì„ê±° ê°™ì•„ìš” ì¤‘ê°„ì— ì •ë¦¬í•˜ë ¤ë‹ˆ ë” í˜¼ìž¡í•´ì§€ê³  ì‚¬ëžŒë¼ë¦¬ ì—‰í‚¤ë‹¤ë³´ë‹ˆ ë” ë³´ì´ì§€ ì•Šê²Œ ë˜ì–´ë²„ë ¸ì–´ìš”ã… ã… 	1
ì˜ˆì•½ì„ ì¸í„°ë„·ìœ¼ë¡œ ë°›ì•˜ìœ¼ë©´ ìž…ìž¥ë„ QRì´ë‚˜ ë°”ì½”ë“œë¡œ í•´ì£¼ë©´ ì¢‹ê² ìŠµë‹ˆë‹¤. ì˜ˆì•½ì„ í–ˆëŠ”ë° ì™œ ë§¤í‘œì†Œì— ê°€ì„œ ë ì§€ë¥¼ ë°›ì•„ì•¼í•˜ëŠ”ì§€ ì˜ë¬¸ì´ë„¤ìš”. ìž…ìž¥í• ë•Œ ë‚˜ëˆ ì¤˜ë„ ë ê±° ê°™ì€ë° ë„ˆë¬´ ì•„ë‚ ë¡œê·¸ì‹ì´ë¼ ë¶ˆíŽ¸í–ˆì–´ìš”. ë‹¤ìŒì—” ê°œì„  ë˜ì–´ì„œ ìž…ìž¥ì´ ì¢€ ë” ìˆ˜ì›”í–ˆìœ¼ë©´ ì¢‹ê² ìŠµë‹ˆë‹¤.	0
ë„¤ì´ë²„ ì˜ˆì•½í•´ì„œ ë°©ë¬¸í–ˆê³ ìš” !! ë¬¸í™”ì‹œì„¤ , ì£¼ì°¨, ë³¼ê±°ë¦¬, ì‚¬ì§„ë„ ì •ë§ ìž˜ ë‚˜ì˜¤ê³  ë¬´ì—‡ë³´ë‹¤ ë‚™í™”ë†€ì´ê°€ í™˜ìƒì ì´ ì˜€ìŠµë‹ˆë‹¤ ì²˜ìŒ ì ‘í•˜ëŠ” ë¬¸í™”ë†€ì´ ì˜€ëŠ”ë°ìš” ì°½, ë…¸ëž˜, ì¶¤ ëª¨ë“  ê²ƒë“¤ì´ í™˜ìƒì ì´ì˜€ìŠµë‹ˆë‹¤. ë‹¤ë§Œ ì•„ì‰¬ìš´ ì ì€ í–‰ì‚¬ë¡œ ì‚¬ëžŒì´ ë§Žì€ ê±´ ì´í•´í•©ë‹ˆë‹¤. í•˜ì§€ë§Œ ì¸í„°ë„· ì˜ˆì•½ì„ í•„ìˆ˜ë¡œ í•´ì•¼ í•œë‹¤ê³  í•˜ì˜€ëŠ”ë° ë‹¹ì¼ ì˜ˆì•½/ì·¨ì†Œ ë‹¤ì‹œ ì‚¬ìš© ëª»í•¨ .. í˜„ìž¥ êµ¬ë§¤ ëª»í•¨ì„ ë³´ì•˜ëŠ”ë°ìš” ìž…ìž¥í•˜ë ¤ ê°”ë”ë‹ˆ ì–´ë§ˆ ì–´ë§ˆí•œ ì¸íŒŒì™€ í˜„ìž¥ êµ¬ë§¤ë¥¼ í•˜ê³  ìžˆë”ë¼êµ¬ìš” ê·¸ë¦¬ê³  ì‹œê°„ì´ ì§€ì²´ ëœë‹¤ë©´ì„œ ê°‘ìžê¸° ì§ì›ë¶„ì´ í‹°ì¼“ê°€ê²©ì„ í™• ë‚´ë ¤ì„œ ì£¼ê² ë‹¤ëŠ” ì•ˆë‚´ë¥¼ í•˜ëŠ”ê²ƒì´ ì•„ë‹ˆê² ìŠµë‹ˆê¹Œ? ê·¸ëŸ¼ ì˜ˆì•½í•´ì„œ ë¯¸ë¦¬ ë” ë§Žì´ ì£¼ê³  êµ¬ë§¤í•œ ì‚¬ëžŒì€ ë­ê°€ë©ë‹ˆê¹Œ í•­ì˜í–ˆë”ë‹ˆ ê·¸ëŸ¼ ì·¨ì†Œí•˜ê³  ë‹¤ì‹œ ì¤„ì„ ì„œë¼ëŠ”ê±° ì•„ë‹ˆê² ìŠµë‹ˆê¹Œ? ê°€ê²© ë‚´ë ¤ì„œ êµ¬ë§¤í•˜ë¼ê³ ìš” ì´ê²Œ ë§ì´ë©ë‹ˆê¹Œ?	1
ë‚™í™”ë†€ì´ ë³´ëŸ¬ ê°”ì–´ìš”. ê³µì—°ê³¼ í•¨ê»˜ ë³´ë‹ˆ ë” ë©‹ìžˆì—ˆìŠµë‹ˆë‹¤. ì€ì€í•˜ê²Œ ì•„ë¦„ë‹¤ìš´ ëª¨ìŠµì´ ë„ˆë¬´ ì¢‹ì•˜ê³ , ë‹¤ìŒì—” ë‚®ì— ê°€ì„œ ë‹¤ì–‘í•œ ì²´í—˜ê³¼ ê´€ëžŒì„ í•´ë³´ê³ ì‹¶ë„¤ìš”.	1
ë‚™í™”ë†€ì´ êµ¬ê²½í•˜ëŸ¬ê°ˆê²¸ ì²˜ìŒìœ¼ë¡œ ë°©ë¬¸í•¨ì‚¬ë¹„ì„± êµ¬ì„±ì´ë‚˜ ë‚™í™”ë†€ì´ëŠ” ë„ˆë¬´ë‚˜ ë§Œì¡±ìŠ¤ëŸ¬ì› ì§€ë§Œ ìž…ìž¥ê³¼ì •ì— ì•„ì‰¬ìš´ì ì´ í•œë‘ê°€ì§€ê°€ ì•„ë‹ˆì—ˆë‹¤ ì¸í„°ë„· ì˜ˆì•½ì„ í–ˆìŒì—ë„ ë³„ë„ì–´ í‹°ì¼“êµí™˜ì´ í•„ìš”í•œë° ì‚¬ì „ì— ê³µì§€ë„ ì—†ì—ˆìœ¼ë©° í˜„ìž¥ì—ì„œë„ í˜„ìž¥êµ¬ë§¤ì¤„ê³¼ ë’¤ì—‰ì¼œì„œ ìž…ìž¥í•˜ëŠ”ë° ì‹œê°„ì´ í•œì°¸ ì†Œìš”ë˜ì—ˆëŠ”ë° ì˜ˆì•½ì‹œìŠ¤í…œì„ ë³€ê²½(ë‹¹ì¼ì·¨ì†Œê°€ëŠ¥ì—ì„œ ë¶ˆê°€)ë“±ì„ í†µí•´ ê°œì„ ì´ í•„ìš”í•´ë³´ìž„	1
ì£¼ë³€ì— ë¡¯ë°ë¦¬ì¡°íŠ¸ì™€ ì•„ìš¸ë ›ì´ ë°”ë¡œ ë¶™ì–´ìžˆì–´ì„œ ë‚®ë¶€í„° í• ê²Œ ë§Žì•„ìš”. ì €ë…ì— ë‘ ì‹œê°„ë™ì•ˆ ë‚™í™”ë†€ì´í•œë‹¤ê³  í•´ì„œ ê°”ëŠ”ë°, ì •ë§ ë§Œì¡±ìŠ¤ëŸ¬ì› ì–´ìš”. 1) ìœ ë£Œë¡œ ë¯¸ë¦¬ ì˜ˆì•½í–ˆëŠ”ë°, ì‚¬ëžŒë“¤ì´ ì •ë§ ë„ˆë¬´ ë§Žì•„ì„œ ì•ˆì „ì‚¬ê³  ë“±ì˜ ì‚¬ìœ ë¡œ ë¬´ë£Œë¡œ ëŒë ¸ë‹¤ê³  í•˜ë”ë¼ê³ ìš”. (ì¶”í›„ ê¸ˆì•¡ì€ ë˜ëŒë ¤ì¤€ë‹¤ê³  í•˜ì‹¬) ë•ë¶„ì— ìž…êµ¬ë¶€í„° ì¶•ì œ ìž¥ì†Œê¹Œì§€ ë°€ë¦¬ì§€ ì•Šê³  ì¢‹ì•˜ì–´ìš”. 2) ì „í†µ ë‚™í™”ë†€ì´ë¥¼ í˜„ëŒ€ì‹ ê¸°ìˆ ë ¥ê³¼ ìœµí•©í•˜ì—¬ 2ì‹œê°„ë™ì•ˆ ê³„ì† êµ¬ê²½í•  ìˆ˜ ìžˆê²Œ ì„¤ì¹˜í–ˆë”ë¼ê³ ìš”. ì‹œê°„ì´ ë„‰ë„‰í•˜ì—¬ ê´€ê´‘ê°ì´ ë¶„ì‚°ë˜ì–´ íŽ¸ížˆ ë³¼ ìˆ˜ ìžˆì„ë§Œí¼ ë³¼ ìˆ˜ ìžˆì–´ì„œ ì¢‹ì•˜ì–´ìš” 3) ê·¸ ì™¸ ì•¼ê²½ì¡°ê²½ì´ ìž˜ ë˜ì–´ ìžˆì–´ì„œ ì‚°ì±…í•˜ê¸° ì¢‹ì•˜ì–´ìš”. 4) ì‹ë‹¹ë“¤ì´ë‚˜ ì¹´íŽ˜ë‚˜ ë„ˆë¬´ ë¶„ì£¼í•´ì„œ ë¨¹ê±°ë¦¬ ì¦ê¸°ê¸° íž˜ë“ ê²Œ ì¡°ê¸ˆ ì•„ì‰¬ì› ìœ¼ë‚˜, ì§€ì—­ ë¨¹ìž ì°¾ì•„ê°€ì„œ ìž˜ ë¨¹ì—ˆì–´ìš” (ì¢ŒíŒ ì—†ëŠ”ê±´ ê¹¨ë—í•´ì„œ ì¢‹ì•˜ì–´ìš”)	1
ë„ˆë¬´ ë©‹ì¡Œì–´ìš”!	1
ë„¤ì´ë²„ì‚¬ì „ì˜ˆì•½ìœ¼ë¡œ ê°”ëŠ”ë° ë°¤ë„ê¹¨ë¹„ í”„ë¡œê·¸ëž¨ì´ë­”ì§€ë„ ìž˜ ëª¨ë¥´ê² ê³  ë‚˜ì¤‘ì—ë³´ë‹ˆ ìž…ìž¥ë£Œ ì—†ì´ ê·¸ëƒ¥ ë“¤ì–´ì˜¤ê¸°ë„ í•˜ë”ë¼êµ¬ìš”. ìž…ìž¥ë£Œ 9ì²œì›ì£¼ê³  ë“¤ì–´ê°”ëŠ”ë° ë°¤ë„ê¹¨ë¹„ëŠ” ì´ˆë“±í•™ìƒë“¤ì´ í•˜ëŠ” í”„ë¡œê·¸ëž¨ì´ê³  ì–´ë–»ê²Œ í•˜ëŠ”ì§€ë„ ì•ˆë‚´ ëª»ë°›ì•˜êµ¬ìš”. ìž…ìž¥ íŒ”ì°Œë„ ê²€ì‚¬ ì œëŒ€ë¡œ ì•ˆí•˜ì‹œë”ë¼êµ¬ìš”. ê·¸ëŸ´ê±°ë©´ êµ³ì´ ì™œ ì‚¬ì „ì˜ˆì•½ì„ í–ˆëŠ”ì§€ ëª¨ë¥´ê² ìŠµë‹ˆë‹¤. ì‚¬ì „ì— ë°¤ë„ê¹¨ë¹„ í”„ë¡œê·¸ëž¨ìŒ ì´ˆë“±í•™ìƒë“¤ì˜ í”„ë¡œê·¸ëž¨ì´ë¼ê³  ì•ˆë‚´ë¥¼ í•´ì£¼ì…¨ìœ¼ë©´ êµ³ì´ ë¬¶ì–´ì§„ í”„ë¡œê·¸ëž¨ ì‚¬ì „ì˜ˆì•½ í•˜ì§€ì•Šì•˜ì„ ê²ë‹ˆë‹¤.	0
ë³¼ê±°ë§Žì€ ë°±ì œë¬¸í™”ë‹¨ì§€	1
ì•¼ê²½ë„ ë©‹ì§€ê³  ì—¬ìœ ë¡­ê²Œ ëŒì•„ë‹¤ë‹ ìˆ˜ ìžˆì–´ ë” ì¢‹ì•˜ìŠµë‹ˆë‹¤!! ë„¤ì´ë²„ ì˜ˆì•½ì‹œìŠ¤í…œ íŽ¸í•´ì„œ ì¢‹ë„¤ìš”	1
êµ¿	1
ë°±ì œ ë¬¸í™”ë‹¨ì§€ ì•¼ê°„ê°œìž¥ ì²«ë°©ë¬¸ ì•„ë¦„ë‹¤ìš´ ë¶ˆë¹›ì— ë©‹ìŠ¤ëŸ¬ìš´ ë°±ì œì‹œëŒ€ì˜ ê±´ì¶•ì–‘ì‹ì„ ë³¼ìˆ˜ ìžˆì–´ ì¦ê±°ìš´ ê´€ëžŒ ì´ì˜€ì–´ìš” ì‹ë¹µêµ½ëŠ” ê·€ì—¬ìš´ ê³ ì–‘ì´ë„ ë´¤ì–´ìš”	1
ê¸°ëŒ€ ì´ìƒìœ¼ë¡œ ì¢‹ì•˜ë˜ ê³³ì´ì—ìš”. ë‹¤ìŒì— ë¶€ì—¬ ì˜¤ê²Œ ë˜ë©´ ìž¬ë°©ë¬¸ ì˜ì‚¬ ìžˆìŠµë‹ˆë‹¤.	1
êµ¿	1
ë°¤ë„ê¹¨ë¹„í”„ë¡œê·¸ëž¨ê¹Œì§€ ì¦ê²¼ì–´ìš”	1
ì‚¬ë¹„ë¡œì—´ì°¨ íƒ€ê³  í•œ ë°”í€´ ëˆ í›„ ì°¬ì°¬ížˆ ë‘˜ëŸ¬ë³´ì‹œëŠ” ê²ƒë„ ì¢‹ì„ ê²ƒ ê°™ì•„ìš”.	1
ì‹¤ì œ ë°±ì œëª¨ìŠµì¸ê²ƒ ê°™ì•„ ì¢‹ì•„ìš”	1
ì „ê¸°ì–´ì°¨ ì´ìš©í•´ì„œ ë‹¤ë…”ëŠ”ë° ì•„ì´ë“¤ì´ ë„ˆë¬´ ì¢‹ì•„í–ˆì–´ìš” ë°¤ë„ê¹¨ë¹„ë¯¸ì…˜ë„ ë„ˆë¬´ ì¦ê±°ì›Œí–ˆêµ¬ìš”^^	1
ì•¼ê²½ì´ ì´ì˜ë‹¤í•´ì„œ ê°€ë³´ì•˜ëŠ”ë° ìƒê°ë³´ë‹¤ ë³¼ê²Œì—†ì—ˆì–´ìš”.ê³µì‚¬ì¤‘ì¸ê³³ë„ ë§Žê³  ê±·ëŠ”ë° ì¡°ëª…ì´ ìƒê°ë³´ë‹¤ ì–´ë‘ì›Œì„œ ë³„ë¡œì˜€ìŠµë‹ˆë‹¤. ë¡¯ë°ë¦¬ì¡°íŠ¸ ê·¼ì²˜ë¼ ê±¸ì–´ì„œ ê°ˆìˆ˜ìžˆëŠ”ê±°ëŠ” ìž¥ì ì´ë„¤ìš”.	0
ì¢‹ì•„ìš”	1
í•œì í•˜ê³  ë°±ì œ ì‚¬ë¹„ì‹œëŒ€ë¥¼ ìž¬í˜„í•´ë†¨ì–´ìš”. ë‚˜ë‹¹ì—°í•©ìœ¼ë¡œ ë‹¤ ì†Œì‹¤ë˜ì–´ ì•„ì‰½ë„¤ìš”	1
ã…‡	1
ì¢‹ì•„ìš”	1
ì•¼ê²½ì´ ë„ˆë¬´ë„ˆë¬´ ì´ì˜ê³  ì¢‹ì•˜ì–´ìš”	1
ë°±ì œì— ëŒ€í•œ ì—­ì‚¬ë¥¼ ì•Œê²Œ ëœ ì•Œì°¬ ì‹œê°„ì´ì—ˆìŠµë‹ˆë‹¤.	1
ëª‡ ë…„ ì „ ë‚®ì— ê°€ë´¤ëŠ”ë° ì•¼ê°„ì´ ë” ë©‹ì§„ ê±° ê°™ì•„ìš”. í”„ë¡œê·¸ëž¨ ë•ë¶„ì— ì•„ì´ë„ ë§¤ìš° ì¦ê²ê²Œ ë‹¤ë…”ìŠµë‹ˆë‹¤.	1
ë°¤ë„ê¹¨ë¹„ ì•„ì´ê°€ ë„ˆë¬´ ì¢‹ì•„í–ˆì–´ìš”~~ ë§Œì¡±í•©ë‹ˆë‹¤ ì•„ì´ë“¤ì´ ì´ë²ˆ ë¶€ì—¬ì—¬í–‰ì¤‘ì—ì„œ ê°€ìž¥ ìž¬ë¯¸ìžˆê³  ê¸°ì–µì— ë‚¨ëŠ”ë‹¤ê³  í–ˆì–´ìš”~	1
ë³¼ ê±°ë¦¬ê°€ ë§Žê³  ë„“ìŠµë‹ˆë‹¤.	1
ê²½ê´€ë„ ì¢‹ê³  ë¶„ìœ„ê¸°ê°€ ë„˜ ì¢‹ë„¤ìš”. ë°±ë³´ì—´ì€ ì´ˆë“±í•™ìƒ ìžˆëŠ” ê°€ì¡±ì€ í•˜ì‹œë©´ ì• ë“¤ì´ ì§€ì¹˜ì§€ ì•Šê³  ìž˜ ë‹¤ë…€ì„œ ì¶”ì²œí•©ë‹ˆë‹¤.	1
ì•¼ê²½ì´ ë©‹ì§€ë„¤ìš”. ì•„ì´ë“¤ ë°¤ë„ê¹¨ë¹„ ì´ë²¤íŠ¸ë„ ìž¼ë‚˜ê²Œ í–ˆê³  ë§ˆì¹¨ ì˜¤ì•…ì‚¬ ê³µì—°ë„ ìžˆì–´ì„œ ê³ í’ˆì§ˆ ê³µì—°ì„ ì¦ê²¼ë„¤ìš”.	1
ë¶€ì—¬ ì—¬í–‰] ë¶€ì—¬ ì—¬í–‰ ê°€ì„œ ë„ˆë¬´ ì¢‹ì€ ê³³ ìž˜ êµ¬ê²½í–ˆì–´ìš” ì²˜ìŒ í•´ ë³´ëŠ” ìˆ˜ë¥™ì–‘ìš© ë²„ìŠ¤íˆ¬ì–´ë„ ì •ë§ ì‹ ê¸°í•˜ê³  ì¢‹ì€ ê²½í—˜ì´ì—ˆì–´ìš” ë°±ì œë¬¸í™”ë‹¨ì§€ ì•ˆì—ëŠ” í¬í†  ìŠ¤íŒŸë„ ë§Žì•„ì„œ ìš°ë¦¬ ë¶€ë¶€ ì˜ˆìœ ì‚¬ì§„ë„ ë§Žì´ ì°ì—ˆì–´ìš” í•œì í•˜ê³  ë§ˆìŒì´ ì•ˆì •ë˜ëŠ” ë¶„ìœ„ê¸°ì— ë„ˆë¬´ í–‰ë³µí–ˆì–´ìš”	1
ì—´ì°¨êµ¬ê°„ì´ ì§§ì•„ìš”	0
ë¹„ì™€ë„ ë³´ê¸° ì¢‹ì€ê³³ì´ë„¤ìš”~	1
ì•„ì´ê°€ ì¢‹ì•„í•´ìš”^^	1
ë„ˆë¬´ ì¡°ì–´ì—¬!!!	1
ë„“ê³  ë³¼ê±°ë¦¬ê°€ ë§Žì•„ìš”~ ì¤‘ê°„ì¤‘ê°„ ì²´í—˜ë„ ë§Žì•„ì„œ ì•„ì´ë“¤ì´ ì¦ê±°ì›Œí–ˆì–´ìš”	1
ì „ì‹œë¬¼ë“¤ì´ ë³„ë¡œì—ìš” ìž…ìž¥ë£Œì— ë¹„í•˜ë©´ ê·¸ëƒ¥ ì‚°ì±…ì´ ë‚˜ì„ë“¯ìš”	0
êµ¬ê²½í•  ê±° ë§Žì•„ìš”	1
ì¢‹ì•„ìš”	1
ë¶€ì—¬ê°€ë©´ ê¼­ ë“¤ë¥´ì„¸ìš” ì•¼ê°„ì— ë‹¤ë…€ì™”ëŠ”ë° ë„ˆë¬´ ì´ë¼œì–´ìš”	1
ì¡°ìš©í•˜ê³ ë„ˆë¬´ì•„ë¦„ë‹¤ìš´ê³³	1
ë‚ ì”¨ ì¢‹ì€ ë‚  ê·¼ì²˜ì— ê°”ë‹¤ê°€ ë“¤ë €ëŠ”ë° ë„ˆë¬´ì¢‹ì•˜ì–´ìš”:) ì €í¬ëŠ” ì „ê¸°ì–´ì°¨ ëŒ€ì—¬í–ˆëŠ”ë° ì•„ì´ê°€ ì—†ë‹¤ë©´ ì²œì²œížˆ ë‘˜ëŸ¬ë³´ë©´ì„œ êµ¬ê²½í•˜ê¸° ì¢‹ìœ¼ì‹¤ê±°ê°™ê³  ì•„ì´ê°€ ìžˆë‹¤ë©´ ì „ê¸°ì–´ì°¨ ì¶”ì²œí•©ë‹ˆë‹¤.ë‹¤ë§Œ ê°€ê²©ì´ ì‚´ì§ ë¹„ì‹¼ê°ì´ìžˆì–´ìš”ã…  í•œì‹œê°„ ëŒ€ì—¬í–ˆì—ˆëŠ”ë° ì‹œê°„ì´ ì¡°ê¸ˆ ì´‰ë°•í–ˆì–´ìš”~ ì¶”ê°€ê¸ˆë„ ë¶€ë‹´ë˜ëŠ” ê°€ê²©ì´ì—ˆêµ¬ìš”~ê·¸ëž˜ë„ ì•„ì´ë“¤ì´ ë„˜ ì¢‹ì•„í–ˆì—ˆê³  ìž˜ ë³´ê³  ì™”ì–´ìš”ë¶€ëª¨ë‹˜ë“¤ ëª¨ì‹œê³  ê°€ë„ ì¢‹ì•„í•˜ì‹¤ ê²ƒ ê°™ì•„ìš” :)	1
ë°¤ ë„ê¹¨ë¹„ ì†Œíƒ• ëŒ€ìž‘ì „ ã…‹ã…‹ ì• ë“¤ì´ ì§± ì¢‹ì•„í•´ìš”!! ë©‹ìžˆëŠ” ìš°ë¦¬ ë¬¸í™”ì œ>.<	1
ê¸°ëŒ€ì´ìƒìœ¼ë¡œ ë³¼ê±°ë¦¬ ì¦ê¸¸ê±°ë¦¬ê°€ ë§Žì•„ìš”. ìƒê°ë³´ë‹¤ ì»¤ì„œ ê±·ëŠ”ê²ƒë³´ë‹¤ ì „ê¸°ìžì „ê±° íƒ€ê³  ë„ë‹ˆê¹Œ ìž¬ë¯¸ìžˆì—ˆì–´ìš”. ì•ˆìª½ì— ë§Œë“¤ê¸°í™œë™ì²´í—˜ë„ ìžˆëŠ”ë° ê°€ê²©ë„ ì €ë ´í•˜ê³  ì¢‹ì•˜ì–´ìš”.	1
ë¶€ì—¬ëŠ” ë¨¹ê±°ë¦¬ë„ ë‹¤ì–‘í•´ì„œ ì¢‹êµ¬ êµ¬ê²½í•  ê³³ì´ ì€ê·¼  ë§Žë„¤ìš” ë°±ì œìœ ì ì§€ë‹µê²Œ ê°€ëŠ”ê³³ë§ˆë‹¤ ìœ ì ì§€ë‹¤ìš´~^^ ë³¼ê±°ë¦¬ë§Žë‹¤ ë¶€ì—¬ ì¢‹ë‹¤ ë¶€ì—¬~	1
ë¶€ì—¬ ë°±ì œë¬¸í™”ì œ ì¢‹ì•˜ìŠµë‹ˆë‹¤^^ ë‚´ë…„ì— ë‹¤ì‹œ ì˜¤ë ¤êµ¬ìš”~	1
í¬í¬ì†¡ ì½˜ì„œíŠ¸ ë³´ëŸ¬ì™”ì–´ìš”. ì†¡ì°½ì‹ ìžíƒ„í’ ìœ ë¦¬ìƒìž ë“±ë“±	1
ëŒ€ë°±ì œì „ ì¶•ì œ ë‹¤ë…€ì™”ì–´ìš”~ì¦ê²ê³  í–‰ë³µí•˜ê²Œ ë‹¤ë…€ì™”ì–´ìš”! 7ì‹œì— ë„ì°©í•˜ë‹ˆ ì£¼ì°¨ëŠ” ì¡°ê¸ˆ ì–´ë µë”ë¼ê³ ìš”ã…œã…œ	1
ì˜ˆë»ìš”. ã…œã…œ ì¦ê±°ìš´ì‹œê°„ë³´ëƒˆìŠµë‹ˆë‹¤.	1
ë‹¤ìŒì— ì˜¬ë•ŒëŠ” ë°±ì œì‹œëŒ€ ì˜ìƒìž…êµ¬ ì‚¬ì§„ ë§ˆêµ¬ë§ˆêµ¬ ì°ê³ ì‹¶ë‹¤ ìƒê°ë³´ë‹¤ ë´„ê°€ì„ì— ì™€ë„ ë„ˆë¬´ ì¢‹ì„ê²ƒ ê°™ë‹¤ ì‚¬ì§„ë„ ìž˜ë‚˜ì˜¤ê³  ë„“ì–´ì„œ ì‚°ì±…í•˜ê¸° ì¢‹ì€ê³³ 	1
ë°±ì œë¬¸í™”ë‹¨ì§€ ì˜ˆì˜ê³  ì¢‹ì•˜ì–´ìš”,ì¶•ì œì¤€ë¹„ì¤‘ì´ë¼ ì–´ìˆœì„  í–ˆì§€ë§Œ...ìˆ˜ë¥™ì–‘ìš©ë²„ìŠ¤ ì˜ˆì•½í•˜ë©´ íˆ¬ì–´ë²„ìŠ¤ ë¬´ë£Œë¼í•´ì„œ íƒ‘ìŠ¹í•´ì„œ êµ¬ê²½í•˜ê³ , ë‹¤ìŒë²„ìŠ¤ íƒ€ë ¤ê³  í–ˆë”ë‹ˆ ì˜¤ì§ˆ ì•Šë”êµ°ìš”.ì „í™”ë„ ì•ˆë°›ê³  ì–´ì©Œë¼ëŠ”ê±´ì§€..	0
ì¢‹ì•„ìš”	1
ìž…êµ¬ ë§¤í‘œì†Œì—ì„œ ê²€í‘œí•˜ì‹œëŠ” ë‹¨ë°œë¨¸ë¦¬ ì•ˆê²½ì“°ì‹  ì—¬ìžì§ì›ë¶„ íƒœë„ë¥¼ ì¢€ ê³ ì¹˜ì…¨ìœ¼ë©´ í•©ë‹ˆë‹¤ã…Ž ì•„ìš¸ë › ìª½ ìž…êµ¬ê°€ ì•„ë‹Œ ë°±ì œìˆ² ìª½ ìž…êµ¬ë¡œ ë“¤ì–´ì™€ì„œ ë§¤í‘œê¸°ê³„ë¥¼ ë³´ì§€ ëª»í•´ ìž…êµ¬ ë§¤í‘œì†Œì—ì„œ êµ¬ë§¤í•˜ë ¤ í•˜ëŠ”ë°, ì € ë©€ë¦¬ìžˆëŠ” ë§¤í‘œê¸°ê³„ì—ì„œ ë§¤í‘œí•˜ë¼ê¸¸ëž˜ ëŒì•„ê°€ê³  ìžˆì—ˆìŠµë‹ˆë‹¤, ê°€ê³ ìžˆëŠ” ì¤‘ì— ì—„ì²­ë‚œ ì„ ì‹¬ì„ ì“°ë“¯ì´ ë¶ˆëŸ¬ì„œëŠ” ì¡°ì†Œë¥¼ ì§€ìœ¼ë©° ì´ë²ˆë§Œ ì—¬ê¸°ì„œ í•´ë“œë¦°ë‹¤ë©´ì„œ ë§¤í‘œí•´ì£¼ì‹œë„¤ìš”~ ê±°ê¸°ì„œë„ ë‹¤ êµ¬ìž…í•  ìˆ˜ ìžˆëŠ” ì‹œìŠ¤í…œì´ ê°–ì¶°ì ¸ ìžˆë˜ë° ê·¸ëŸ´ê±°ë©´ ë°”ë¡œ í•´ì£¼ë©´ ë˜ì§€ ë­£í•˜ëŸ¬ ì‚¬ëžŒì„ ë†ë½í•˜ì‹œëŠ”ì§€..? ë­˜ ë¬¼ì–´ë´ë„ ì‚¬ëžŒ ì—…ì‹ ì—¬ê¸°ë“¯ì´ ëŒ€ë‹µí•˜ëŠ” íƒœë„ê°€ ë„ˆë¬´ ê¸°ë¶„ë‚˜ë¹ ì„œ ë‹¤ì‹  ì˜¤ê³  ì‹¶ì§€ ì•Šì•„ì¡Œë„¤ìš”~	0
ì¶©ì²­ë‚¨ë„ ë¶€ì—¬êµ° ê·œì•”ë©´ í•©ì •ë¦¬ì— ìœ„ì¹˜í•œ ë°±ì œì—­ì‚¬ ë¬¸í™”ë‹¨ì§€ë¡œ 100ë§Œí‰ ê·œëª¨ë¡œ ì¡°ì„±ë˜ì—ˆë‹¤. ë°±ì œ ì™•ê¶, ì‚¼êµ­ì‹œëŒ€ ëª¨ìŠµ ê·¸ë¦¬ê³  ëŠ¥ì‚¬, ê³ ë¶„ê³µì› ìœ„ë¡€ì„± ê·¸ë¦¬ê³  ìƒí™œë¬¸í™”ë§ˆì„ ì¡°ì„±ê¹Œì§€ ë°±ì œ ë¬¸í™” ë©´ë©´ì„ í™•ì¸í•˜ë©´ì„œ ì¦ê¸¸ ìˆ˜ ìžˆë‹¤.	1
ë°¤ ì•¼ê²½ì´ ì¢‹ìœ¼ë„¤ìš” ë¡¯ë°ë¦¬ì¡°íŠ¸ì— ê±¸ì–´ì„œ 5ë¶„ì»· ì €ë… ë¨¹ê³  ì‚°ì±…ìœ¼ë¡œ ë‹¤ë…€ì™”ëŠ”ë° ì•¼ê²½ì€ ì¢‹ì€ë° ìž…ìž¥ë£Œê°€ ìžˆì–´ìš” ì¡°ê¸ˆ ë¹„ì‹¸ë‹¤ëŠ” ìƒê°	1
ë¶€ì—¬ì—ì„œì˜ ì—¬í–‰ê³„íšì´ ìžˆì—ˆìœ¼ë‚˜, ë‹¹ì¼ ë¹„ê°€ ë§Žì´ì™€ ì¼ì •ì´ ì·¨ì†Œë˜ì–´ ê³ ë¯¼í•˜ë˜ ì°°ë‚˜ì— ë°±ì œë¬¸í™”ë‹¨ì§€ ì•¼ê°„ ìž…ìž¥ì„ ì°¾ì•„ë³´ê²Œ ë˜ì–´ ë°©ë¬¸í•˜ì˜€ìŠµë‹ˆë‹¤. ë„¤ì´ë²„ë¡œ í• ì¸êµ¬ë§¤í•˜ì—¬ ìž…ìž¥í•˜ì˜€ëŠ”ë°, ì¤‘ê°„ì¤‘ê°„ ì„¤ëª…ë„ ìž˜ ë˜ì–´ ìžˆê³  ì˜ìƒê´€ëžŒ ë“± ë‹¤ì–‘í•˜ê²Œ êµ¬ì„±ë˜ì–´ ìžˆì–´ ìž¬ë¯¸ë‚˜ê²Œ ë³´ê³  ë‚˜ì™”ìŠµë‹ˆë‹¤.	1
ë¶€ì—¬ì— ì—¬í–‰ì™€ì„œ ë°±ì œì˜ ìˆ¨ê²°ì„ ëŠë‚„ ìˆ˜ ìžˆì•˜ì–´ìš”. ëŠ¥ì‚¬5ì¸µëª©íƒ‘ê³¼ ì‚¬ë¹„ì„±ì„ ë³´ê³  ì—­ì‚¬ë¥¼ ê³µë¶€í–ˆë„¤ìš”	1
ë¡¯ë°ì•„ìš¸ë › ì˜†ì— ìœ„ì¹˜í•´ìžˆê³  ë¶€ì—¬ ë¡¯ë°ë¦¬ì¡°íŠ¸ì—ì„œ ë„ë³´ë¡œ ê°ˆ ìˆ˜ ìžˆì–´ì„œ íŽ¸í•´ìš” ! ì•¼ê°„ ê°œìž¥í•œë‹¤í•´ì„œ ì €ë…ì— ê°”ëŠ”ë° ì§„ì§œ ì˜ˆë»¤ì–´ìš”! íŠ¹ížˆ 5ì¸µ ëª©íƒ‘ì´ ì˜ˆë»¤ê³  ëª©íƒ‘ ì˜¤ë¥¸ìª½ ë¬¸ìœ¼ë¡œ ë‚˜ì™€ì„œ ë³´ëŠ” í’ê²½ì´ ì •ë§ ë©‹ì¡Œì–´ìš” ðŸ‘ðŸ»ë¶ ì¹  ìˆ˜ ìžˆëŠ” ê³³ë„ ìžˆì–´ì„œ ë¶ë„ ì³ë³´ê³  ìž¬ë°Œì—ˆì–´ìš” ìž…êµ¬ì—ì„œ ë¬´ë£Œ ìš°ì‚° ëŒ€ì—¬í•  ìˆ˜ ìžˆì–´ì„œ ê´€ëžŒ ì¤‘ê°„ì— ë¹„ê°€ ì™”ëŠ”ë° ìš°ì‚° ìž˜ ì‚¬ìš©í–ˆì–´ìš” :)	1
êµ³	1
ì¢‹ì•„ìš”	1
êµ¿	1
ì•„ì´ë“¤ì—ê²Œ ë¶€ì—¬ë¥¼ ë³´ì—¬ì£¼ê³  ì‹¶ì–´ ê°€ê²Œë˜ì—ˆëŠ”ë° ë„ˆë¬´ ì¦ê²ê²Œ ìžˆë‹¤ê°€ ì˜¨ê²ƒ ê°™ì•„ìš”.	1
ê·œëª¨ê°€ ì»¤ì„œ ì „ê¸°ì–´ì°¨ë¥¼ íƒ€ëŠ” ê²ƒì„ ì¶”ì²œí•¨ ì¶”ì„ê¸°ê°„ ì´ë²¤íŠ¸ë¥¼ ì°¸ê³ í•˜ì‹œê¸¸	1
ì¢‹ì•„ìš”^^	1
ë³¼ê±°ë¦¬ê°€ ë§Žì•„ìš”	1
ã…‡	1
ë”ìš´ë‚ ì”¨ì—ê°”ì—ˆëŠ”ë° ë³¼ê±°ë¦¬ë„ ë§Žê³  ì¢‹ì•˜ì–´ìš”	1
ë‚®ë°¤ ëª¨ë‘ ì•„ë¦„ë‹µê³  ì•¼ê²½ë·°ê°€ ì˜ˆìˆ ìž…ë‹ˆë‹¤ ì§ì›ë¶„ëª¨ë‘ ì¹œì ˆí•˜ì‹œê³ ìš” í•˜ë£¨ì¢…ì¼ìžˆì–´ë„ ë ë§Œí•œë·°ì¸ê²ƒê°™ìŠµë‹ˆë‹¤ ë°±ì œë¬¸í™”ì œê°€ í™”ë ¤í•˜ê³  íŠ¹ížˆ.ëŠ¥ì‚¬5ì¸µíƒ‘ì´ í™”ë ¤í•˜ê³  ë†’ì´ê°€ ë†’ì€ê²ƒì´ ì¸ìƒê¹Šì—ˆìŠµë‹ˆë‹¤ ì•„ì§ì•„ì´ë“¤ì´ì–´ë ¤ í˜ˆì´Œ(ê³µí¬ì²´í—˜)ì„ ëª»í•´.ì•„ì‰¬ì—ˆìŠµë‹ˆë‹¤ ^^ ë˜ê°€ê³ ì‹¶ë„¤ìš”	1
9ì›”ì¸ë°ë„ ì—´ëŒ€ì•¼ ë•Œë¬¸ì— ë”ì›Œ ì£½ì„ë»”í–ˆì§€ë§Œ ì •ë§ ì¢‹ì•˜ìŠµë‹ˆë‹¤ ê´€ë¦¬ê°€ìž˜ë˜ê³ ìžˆëŠ”ê²ƒê°™ì•„ìš” ê³µì£¼ë§Œí¼ ë¶€ì—¬ë„ ë” ê´€ê´‘ê°ì´ ëŠ˜ë©´ ì¢‹ì„ê²ƒê°™ë‹¤ ìƒê°í–ˆì„ë§Œí¼ ë³¼ê±°ë¦¬ë„ ë¨¹ê±°ë¦¬ë„ ì°¸ ì¢‹ë„¤ìš” ìž˜ë†€ê³ ê°‘ë‹ˆë‹¤ ^^	1
ë°¤ì— ê°€ë‹ˆ ì•¼ê²½ì´ ì˜ˆë»¤ì–´ìš”	1
ì•¼ê°„ì— ê³µí¬ì²´í—˜ í”„ë¡œê·¸ëž¨ë„ ìžˆêµ¬ìš”, ê±´ë¬¼ë“¤ì´ ì •ë§ ì˜ˆì˜ê³  ì›…ìž¥í•´ìš”. ë‚®ì— ë‹¤ì‹œ ì™€ë³´ê³  ì‹¶ì–´ìš”! íŠ¹ížˆ 5ì¸µ ëª©íƒ‘ì€ ë°±ì œì‹œëŒ€ì˜ ì•„ë¦„ë‹¤ì›€ì´ ê°ë™ì ìœ¼ë¡œ ë‹¤ê°€ì™”ì–´ìš”. ì–´ë§ˆì–´ë§ˆí•œ ê·œëª¨ë¡œ ì¡°ì„±í•œ ë°±ì œë¬¸í™”ë‹¨ì§€ê°€ ì•žìœ¼ë¡œ ë” í¥í•˜ê¸¸ ì‘ì›í•©ë‹ˆë‹¤.	1
ì•¼ê²½ì´ ë©‹ì ¸ìš”. 9ì›”ë§ì¯¤ ë˜ë©´ ì„ ì„ í•´ì ¸ì„œ ë” ì¢‹ì„ ë“¯í•©ë‹ˆë‹¤.	1
ë”ì› ì§€ë§Œ ì •ë§ìž˜ë˜ìžˆë„¤ìš”!	1
ë‹¤ìŒì—” ì•¼ê°„ ê°œìž¥ë„ ë‹¤ë…€ì™€ì•¼ê² ì–´ìš” ã…Žã…Ž ë‹¤ìŒì—” ì•¼ê°„ ê°œìž¥ë„ ë‹¤ë…€ì™€ì•¼ê² ì–´ìš” ã…Žã…Ž	1
ì•¼ê²½ ì‚¬ì§„ ì°ê¸° ì¢‹ì•„ìš”. ì²´í—˜ í”„ë¡œê·¸ëž¨ í•˜ë ¤ë©´ ë‚®ì— ì˜¤ì‹¤ê²ƒ ì¶”ì²œ	1
ì¹œì ˆ ë‹¤ì–‘ ì €ë ´	1
êµ¿	1
ë‚®ì—” ë”ì› ì§€ë§Œ ë°¤ì´ë˜ë‹ˆ ì‹œì›í•´ìš”.	1
8ì‚´ ì•„ì´ì™€ ì²˜ìŒ ë°©ë¬¸í–ˆëŠ”ë° ì•„ì´ê°€ ë¬´ì§€ì¢‹ì•„í–ˆìŠµë‹ˆë‹¤ ìŠ¤í…œí”„ ì°ëŠ”ê±° ë„ˆë¬´ ì¢‹ì•„í•˜ë”ë¼êµ¬ìš” ì•„ì´ì™€ ê°€ê¸° ì¶”ì²œí•©ë‹ˆë‹¤~~^^	1
ë°¤ì— ê°€ë‹ˆ ìš´ì¹˜ ìžˆê³  ì•¼ê²½ë„ ë„ˆë¬´ ë©‹ìžˆì—ˆì–´ìš”! ì¤‘ê°„ì¤‘ê°„ ì–´ë‘ìš´ ê³µê°„ë“¤ë„ ìžˆì–´ì„œ ì…€í”„ ê³µí¬ì²´í—˜ë„ í–ˆë„¤ìš¤	1
êµ¿êµ¿	1
ë„“ì–´ì„œ ê°€ê¸° ì¢‹ì•„ìš”	1
êµ¿	1
ë¶€ì—¬ ì²«ì—¬í–‰ì¸ë° ì´ê±° ë³´ëŸ¬ ì™”ì–´ìš” ì˜¤ê¸¸ ìž˜í–ˆë‹¤ ë³¼ë§Œí•©ë‹ˆë‹¤	1
nice trip spot	1
ì¢‹ì•„ìš”	1
ì•¼ê°„ê°œìž¥ê°€ë‹ˆ ì‹œì›í•˜ê³  ì‚¬ì§„ì°ê¸°ë„ ì¢‹êµ¬ ì•„ì´ì™€ í•¨ê»˜ ì¦ê±°ìš´ ì‹œê°„ì´ì˜€ì–´ìš”. ì „ê¸°ìžì „ì„œ ë¹Œë ¤ì„œ íƒ„ê±´ ì •ë§ ì‹ ì˜í•œìˆ˜ !!	1
ì•„ì´ë“¤ì´ëž‘ ë„ˆë¬´ ì¦ê²ê²Œ ë†€ë‹¤ì™”ì–´ìš”~ ë°¤ë„ê¹¨ë¹„ ì†Œíƒ• ëŒ€ìž‘ì „ ë•ë¶„ì— ì•„ì´ë“¤ë„ ë” ìž˜ ê±¸ì–´ë‹¤ë‹ˆê³ , ìŠ¤íƒ¬í”„ í•˜ë‚˜í•˜ë‚˜ ì°¾ì•„ì„œ ì°ì„ë•Œ ë„ˆë¬´ ì¢‹ì•„í•˜ë‹ˆ ë©ë‹¬ì•„ ì¢‹ë”ë¼êµ¬ìš”~ ë°°ê²½ë„ ì˜ˆì˜ê³  ê°€ëŠ”ê³³ë§ˆë‹¤ í•œì˜¥ì´ì£¼ëŠ” ì•„ë¦„ë‹¤ì›€ì— ê¸°ë¸ì´ ê³„ì† ì¢‹ì•˜ì–´ìš”! ë¯¸ì…˜ì™„ë£Œí•˜ê³  ë‚˜ì˜¬ë•Œì£¼ì‹œëŠ” ì„ ë¬¼ë„ ì•„ì´ë“¤ ì·¨ì €ë¼ ìž…ìž¥ë£Œê°€ í•˜ë‚˜ë„ ì•„ê¹ì§€ ì•Šë”ë¼êµ¬ìš”! ìž˜ë†€ë‹¤ì™”ì–´ìš”!	1
ì•¼ê°„ ê°œê°•ìœ¼ë¡œ ë¯¸ë¦¬ ë„¤ì´ë²„ ì˜ˆì•½í•˜ê³  ìž…ìž¥í–ˆìŠµë‹ˆë‹¤ ìž…êµ¬ë¶€í„° í›Œë¼ìš°í”„ ë²„ë¸”ë†€ì´ ë“± ë°œê¸¸ì„ ì‚¬ë¡œ ìž¡ëŠ” ë†€ì´ê±°ë¦¬ê°€ ìžˆì—ˆì–´ìš” ìœ ëª¨ì°¨ë‚˜ íœ ì²´ì–´ ëŒê³ ë‹¤ë‹ˆê¸°ëŠ” ì‚´ì§ ì–´ë ¤ì› ìŠµë‹ˆë‹¤. ì¡°ëª… ì¼œë‘” ëª¨ìŠµì´ ì´ë»¤ê³  ì¡°ê¸ˆ ë“¤ ë¥ê³  ì•„ê¸°ê°€ ì¡°ê¸ˆ ë” ì»¸ë‹¤ë©´ ë‹¤~ ë‘˜ëŸ¬ë³´ê³  ì‹¶ì„ ì •ë„ë¡œ ì´ìœ ì—­ì‚¬ë‹¨ì§€ ì˜€ìŠµë‹ˆë‹¤. ê³³ê³³ì— í† ë¼, ë‹¬, ê·¸ë„¤ ë“± ì•„ì´ë“¤ê³¼ í•¨ê»˜ ì™”ì„ ë•Œ ë†€ê³  ì‚¬ì§„ ì°ì–´ì£¼ê¸° ì¢‹ì€ ìŠ¤íŒŸë“¤ì„ ìž˜í•´ë‘ì—ˆì–´ì—¬. ë˜ ì˜¤ê³  ì‹¶ì€ ë¶€ì—¬ ì—¬í–‰ì§€ì˜€ìŠµë‹ˆë‹¤. ë‹¤ìŒì—ëŠ” í¬ê²Œ ë„ëŠ” ê¸°ì°¨ë„ íƒ€ë³´ê³  ì‹¶ì–´ìš”	1
ë°±ì œì—­ì‚¬ë¥¼ ì•Œìˆ˜ìžˆì–´ì„œ ì¢‹ì•„ìš”	1
ê·œëª¨ê°€ ì–´ë§ˆì–´ë§ˆí•˜ê³  ë³¼ê²ƒë„ ë§Žê³  ì£¼ë³€ íŽ¸ì˜ì‹œì„¤ì´ ìž˜ ë˜ì–´ìžˆì–´ì„œ ë§¤ìš° ì¢‹ì•˜ìŠµë‹ˆë‹¤.	1
ë¬´ë£Œ ê´€ê´‘ì§€ë³´ë‹¤ ë³¼ê±°ë¦¬ê°€ ì—†ë˜ê³³ì´ë¼ ë§Žì´ ì•„ì‰¬ì› ë‹¤. í™ˆíŽ˜ì´ì§€ë¥¼ ë³´ê³  ì—¬ëŸ¬ ì²´í—˜í™œë™ë“¤ì„ ê¸°ëŒ€í•˜ê³  ë°©ë¬¸í–ˆìœ¼ë‚˜ ì¡°ìž¡í–ˆê³ , ìž¥ë‚œê° ìˆ˜ì¤€ì˜ í€„ë¦¬í‹°ì˜€ë‹¤. ê²‰ìœ¼ë¡œëŠ” ì»¤ ë³´ì˜€ì§€ë§Œ ë§‰ìƒ ì•ˆì„ ë³´ë‹ˆ ê¶ ì•ˆì— ë¹„ì›Œì ¸ìžˆê³  ì•„ë¬´ê²ƒë„ ì—†ì–´ì„œ ì‹¤ë§ìŠ¤ëŸ¬ì› ë‹¤. ë¶€ëª¨ë‹˜ê³¼ í•¨ê»˜ ì™”ëŠ”ë° ëª¨ë‘ê°€ ì‹¤ë§ìŠ¤ëŸ¬ì›Œ í–ˆê³ , í™”ìž¥ì‹¤ì´ ì œì¼ ë³¼ë§Œí–ˆë˜ê²ƒê°™ë‹¤. ë”ì›Œì„œ ì²´í—˜í™œë™ì´ë‚˜ ê¶ ì•ˆì„ ë¹„ì›Œë’€ìœ¼ë©´ ìµœì†Œí•œ ë‹¤ë¥¸ í™œë™ë“¤ë¡œ ì±„ì› ì–´ì•¼í–ˆë‹¤. ë¶€ì—¬ì—¬í–‰ì¤‘ ì œì¼ ë³„ë¡œ,,,,,	0
8ì›” ë§ì´ì—ˆëŠ”ë° ë°¤ì— ì‚°ì±…í•˜ë©° ê±·ê¸° ì¢‹ì•˜ìŠµë‹ˆë‹¤, ê´€ë¦¬ë„ ìž˜ ë˜ì–´ ìžˆì—ˆê³  ë°±ì œë¥¼ ëŠë¼ê¸°ì— í•œì‹œê°„ì •ë„ ì½”ìŠ¤ë¡œ ëŒì•„ë³´ê¸° ì¢‹ì•˜ìŠµë‹ˆë‹¤!	1
ë”ì›Œì„œ íž˜ë“¤ì—ˆì§€ë§Œ ì¢‹ì•˜ì–´ìš”~	1
ì‚°ì±…í•˜ê¸° ì¢‹ì•„ìš”	1
ë°¤ì— ë³´ëŠ” ë·° í™˜ìƒ ê·¸ ìž¡ì±„ìž…ë‹ˆë‹¤!	1
ì¢‹ì€ë° ì•¼ê°„ì— í• ì¸ ì ìš©ì´ í•˜ë‚˜ë„ ì•ˆë˜ëŠ” ê²ƒ ì•„ì‰½êµ¬ìš”. ë°¤ë„ê¹¨ë¹„ ë„ˆë¬´ í—ˆìˆ í•´ì„œ ì•„ì‰¬ì› ìŠµë‹ˆë‹¤ìž‰ ã…œ ë„ê¹¨ë¹„ ì¸í˜•ì´ë¼ë„â€¦ ëª¨í˜•ì´ë¼ë„ ë‘ì‹œë©´ ì¢‹ì•˜ì„í…ë° ê¹œê¹œí•´ì„œ ê·¸ë¦¼ë„ ìž˜ ì•ˆë³´ì´ë”ë¼êµ¬ìš” íž ì•„ì‰¬ì›Œìš” ê·¸ë¦¬ê³  ì†”ì§ížˆ ì°¸ê°€ë¹„ë¼ê¸°ì—” 5000ì› ë¹„ì‹¸ë„¤ìš”. ì¢…ì´í•œìž¥ íŽœí•œê°œ ì£¼ì‹œëŠ”ë° ã…œã…œ ì–´ë¦°ì´ ìž…ìž¥ê°ì—ê²ŒëŠ” ë¬´ë£Œë¡œ ì£¼ì…”ë„ ê´œì°®ì„ê²ƒ ê°™ì•„ìš” ì•¼ê°„ ì´ì˜ê³  ê°€ì„ì—” ë” ì¢‹ì„ê²ƒ ê°™ì•„ìš”	0
ì•„ì´ì™€ ê°€ê¸°ì—ëŠ” ìœ ëª¨ì°¨ í•„ìˆ˜! ì—„ì²­ ë„“ë‹¤ ì‚¬ì§„ ì°ì„ê³³ì´ ë§Žê³  ì €ë…ì—ëŠ” ì¡°ê¸ˆ ë¬´ì„œì›Œí•´ì„œ ë‚ ì´ ì„ ì„ í•´ì§€ë©´ ì˜¤ì „ì—ë„ ê°€ë³´ê³  ì‹¶ë‹¤	1
ì•¼ê°„ ë°¤ë„ê¹¨ë¹„ ì²´í—˜í–ˆëŠ”ë° ì•…ê¸°ë¥¼ ì°¾ìœ¼ë©° êµ¬ì„ êµ¬ì„ ëŒì•„ë‹¤ë‹ˆë©° êµ¬ê²½í•˜ê³  ì•¼ê²½ì´ ì˜ˆë» ì‚¬ì§„ë„ ë§Žì´ ì°ì—ˆë„¤ìš”~	1
ì•¼ê°„ê°œìž¥ ì˜ˆì˜ê³  ì‹œì›í•´ì„œ ì¢‹ì•˜ëŠ”ë° ì¡°ëª…ì´ ì—†ëŠ” êµ¬ì—­ì€ ì¢€ ë¬´ì„œì› ì–´ìš”.	1
ì•„ì´ì™€ í•¨ê»˜í•˜ê¸° ì¢‹ì•„ìš” ë¶€ì§€ê°€ ë„“ì–´ì„œ ì—¬ë¦„ì—” íž˜ë“œë„¤ìš” ê´€ëžŒí• ê²Œ ë§Žê³  ì£¼ì°¨ìž¥ ë„“ì–´ìš”	1
ë¶€ì—¬ì— ë³¼ê±°ë¦¬ ê°€ë³¼ë§Œí•œ ê³³ì´ ìƒê°ë³´ë‹¤ ë§Žë„¤ìš” ê·¸ ì¤‘ ë°±ì œë¬¸í™”ë‹¨ì§€ëŠ” ì••ë„ì ì´ë„¤ìš” ê·œëª¨ê°€ ì–´ë§ˆì–´ë§ˆí•˜ë„¤ìš” ë‚ ì”¨ê°€ ë„ˆ~~~~ë¬´ ë”ì›Œ ì§€ì¹˜ê¸´ í–ˆì§€ë§Œ ê·¸ëŸ¼ì—ë„ ì—¬ê¸°ì €ê¸° ë‹¤ ë³´ê³  ì™”ì–´ìš” ì¤‘ê°„ì¤‘ê°„ ì‰´ìˆ˜ìžˆëŠ” ê³µê°„ë„ ìžˆì–´ ì¢‹ë„¤ìš” ì‹œì›í•œ ê³„ì ˆì— ì˜¤ë©´ ë„˜ ì¢‹ê² ë‹¤ëŠ” ìƒê°ì´ ë“œë„¤ìš” ë•€ ë²”ë²…ì´ì—ˆì§€ë§Œ ëˆˆì€ ì¦ê±°ì› ì–´ìš”	1
í•œ ì—¬ë¦„ ë°¤ì˜ ë°±ì œê¶ ížë§ ì½˜ì„œíŠ¸ ë³´ê³  ì™”ì–´ìš”~ ë¬´ë”ìš´ ì—¬ë¦„ì´ì§€ë§Œ ì €ë…ì— ì‚´ëž‘ì´ëŠ” ë°”ëžŒ ëŠë¼ë©° ížë§ë„ í•˜ê³  ë„ˆë¬´ ì¢‹ì•„ìš”~ ì´ëŸ° ê³µì—° ìžì£¼ ìžˆì—ˆìœ¼ë©´ ì¢‹ê² ì–´ìš”â™¡ ê³ ê¶ì„ ë³´ë©° ì¦ê¸°ëŠ” ë§¥ì£¼ë¡œ ê°¬ì„±ë„ ë”í•˜ë‹ˆ ë¶€ëŸ¬ìš¸ê²Œ ì—†ì–´ìš”~	1
ìˆ˜ë¥™ì–‘ìš©ë²„ìŠ¤ì™€ ê°™ì€ íŠ¹ì´í•œ ì²´í—˜ë„ í• ìˆ˜ìžˆê³  ëŒ€ì²´ë¡œ í•œì‚°í•˜ê³  ìž˜ê¾¸ë©°ì§„ ë¬¸í™”ë‹¨ì§€ë¼ ë¶€ì—¬ì—¬í–‰ì´ ë§Œì¡± ìŠ¤ëŸ¬ì› ì–´ìš”!!	1
ë”ìœ„ê°€ í’€ë¦¬ë©´ ê¼­ ìž¬ë°©ë¬¸ì„...!	1
ê³µì—°ë„ ë„ˆë¬´ ì¢‹ì•˜ê³  ì•¼ê²½ë„ ì¢‹ì•˜ìŠµë‹ˆë‹¤.	1
8ì›”16ì¼ ê´‘ë³µì ˆ ì—°íœ´ê¸°ê°„ì´ìž í‰ì¼ì´ê¸°ë„ í•˜ì£ . ë”ì›Œì„œì¸ì§€, ì‚¬ëžŒë“¤ì€ ì† ê¼½íž ì •ë„ì˜€ê³ . ì—­ì‚¬ ë¬¸í™”ì§€ì—¬ì„œ ê¸°ëŒ€í•œ ë°©ë¬¸ì´ì—ˆì§€ë§Œ ì•„ì‰¬ìš´ì ì´ ë§Žì•„ìš”. ìž…ìž¥ë£ŒëŠ” ë‹¤ë‘¥ì´ í• ì¸ 50%, ì „ê¸°ì–´ì°¨ëŠ” 4ëª…ì— 2ëŒ€ì—¬ì•¼ í•œë‹¤ê³  18000ì›ì”© 36000ì›, ì§€ì–´ì§„ ê±´ì¶•ë¬¼ë“¤ì™¸ì—” ì²´í—˜ì´ë‚˜ êµ¬ê²½ê±°ë¦¬ëŠ”ê±°ì˜ ì—†ì—ˆì–´ìš”, ë´„,ê°€ì„ì´ë¼ë©´ ê²½ì¹˜ë¥¼ êµ¬ê²½í•˜ë©° ì—¬ìœ ë¥¼ ì¦ê²¼ì„í…Œì§€ë§Œ, ë•¡ë³•ì„ ê±·ëŠ”ê±´ ê¸ˆë°© í›„íšŒê°€ ë“¤ë”ë¼êµ¬ìš”. í•´ì„¤ì•ˆë‚´ë„ ì•„ì´ë“¤ì—ê²Œ í¥ë¯¸ë¥¼ ë¶ˆëŸ¬ì¼ìœ¼í‚¤ê¸°ì—ëŠ” ì•„ì‰¬ì› êµ¬ìš”. ì•¼ê²½ì„ ë³´ë ¤ê³  ì˜¤í›„4ì‹œì— ê°”ëŠ”ë°, í•´ì„¤ì•ˆë‚´ë¥¼ ë“¤ìœ¼ë ¤ë©´ ì •ì–‘ë¬¸ ì•ˆìª½ì— ëª¨ì´ê²Œë˜ì–´ ìž…ìž¥ ì²˜ë¦¬ê°€ ë˜ì—ˆê³ , ì—­ì‚¬ë¬¸í™”ê´€ì€ ì˜¤í›„6ì‹œê¹Œì§€ì˜€ê¸°ì— ì •ì–‘ë¬¸ì„ ë‚˜ì™”ë‹¤ê³  ìž¬ìž…ìž¥ì´ ì•ˆë˜ë”ë¼êµ¬ìš”. ê²°êµ­ ì•¼ê²½ì€ ë³´ì§€ ëª»í–ˆì–´ìš”.ã…  ì—­ì‚¬ë¬¸í™”ê´€ ë¨¼ì € ë°©ë¬¸í•˜ê³  ì´í›„ ì •ì–‘ë¬¸ì„ í†µê³¼í•˜ì‹œê¸°ë¥¼ ì¶”ì²œë“œë ¤ìš”.	0
ë·°ê°€ ë„ˆë¬´ì¢‹ì•˜ì–´ìš” ë‚ ì”¨ê°€ë„ˆë¬´ë”ì›Œì„œ ì •ë§ ë„ˆë¬´ë„ˆë¬´ ë•€ì´ ê·¸ëƒ¥ë¯¸ì¹œë“¯í˜ë €ì§€ë§Œ ã…œã…œ ë·°ê°€ ë„ˆë¬´ ì¢‹ì•„ì„œ ë‚˜ì¤‘ì—ëŠ”ë”ìš´ê²Œë¬¸ì œê°€ì•ˆë˜ë”ë¼êµ¬ìš”... ë‚´ê°€ìˆ˜ë‹˜ ë³´ëŸ¬ ê°„ ì—¬í–‰ì´ì—ˆëŠ”ë° ëœ»ë°–ì˜ êµ­ì•…ë¬´ëŒ€ ë•ë¶„ì— êµ­ì•…ì— ë§¤ë£Œëœ ê°’ì§„ ì‹œê°„ì´ì—ˆìŠµë‹ˆë‹¤	1
ì¼€ì´ì‹œì™€ ì´ì§„ì„±ë‹˜ ë³´ëŸ¬ ê°”ëŠ”ë° ë„˜ë„˜ ì¦ê±°ì› ìŠµë‹ˆë‹¤. ì•¼ê²½ë„ ë„ˆë¬´ ì´ì˜ê³ , ìµœê³ ìž…ë‹ˆë‹¤.	1
ì¼€ì´ì‹œë‹˜ ë„ˆë¬´ ì´ë»¤ì–´ìš¤ã…Žã…Ž	1
ì•¼ê²½ì´ ë¯¸ì³¤ìŠµë‹ˆë‹¤.	1
ì•¼ê°„ì— ê°ˆë§Œí•©ë‹ˆë‹¤. ì•„ì´ë“¤ì´ ë„ê¹¨ë¹„ ì°¾ëŠ” ê±° ìž¬ë°Œì–´í•´ìš”. 9ì›” ì„ ì„ í•´ì§ˆ ë•Œ ê°€ë©´ ë” ì¢‹ì„ ë“¯ìš”.	1
ë”ìœ„ë¥¼ í”¼í•´ ì¼ë¶€ëŸ¬ ì•¼ê°„ê°œìž¥ì— ê°”ë‹¤. ì¡°ëª…ì„ ë°›ì•„ ê±´ë¬¼ë“¤ì€ ë”ìš± ìš´ì¹˜ê°€ ìžˆì—ˆê³  íŠ¹ížˆ ì „ê¸°ê¶ì°¨(?)ë¥¼ íƒ€ê³  íœ˜íœ˜ ë„ë‹ˆê¹Œ ì‹œì›í•˜ê³  ë‹¤ë¦¬ë„ ì•ˆ ì•„íŒŒì„œ ë„“ë”” ë„“ì€ ë¬¸í™”ë‹¨ì§€ë¥¼ ë‘˜ëŸ¬ ë³´ë ¤ë©´ ì ê·¹ ì¶”ì²œí•œë‹¤. ë¬´ìŠ¨ ê¸°ì°¨ê°™ì€ ê²ƒë„ ìžˆë˜ë° ìžìœ¨ì„±ì€ ì—†ì§€ë§Œ ì„¤ëª…ì„ í•´ ì£¼ì‹œë‹ˆ ë‘˜ ì¤‘ ì„ íƒí•´ì„œ ì´ìš©í•˜ë©´ ì¢‹ì„ ë“¯ í•˜ë‹¤.	1
ë‘ë²ˆì§¸ë°©ë¬¸ì¸ë° ë„ˆë¬´ì¢‹ì•„ìš”ì•„ì´ë“¤ì´ ìž¬ë¯¸ìžˆì–´í–ˆì–´ìš” ì €ë…ì´ë¼ ë„ˆë¬´ì´ì˜ë„¤ìš”	1
ë°±ì œê¶ê³¼ ê³„ë°±ìž¥êµ°, ê·€ì¡± ì§‘í„°ê¹Œì§€ ë‹¤ì–‘í•œ ë¬¸í™”ì²´í—˜ì„ í•´ì„œ ì¢‹ì•„ìš”^^	1
ë‚®ì— ì°¾ì•˜ë‹¤ê°€ ì•¼ê²½ì´ ë©‹ìžˆë‹¤ê¸°ì— ë°¤ì‹œê°„ ë˜ ì°¾ì•„ ë©‹ì§„ ì•¼ê²½ì— í ë»‘ ë¹ ì§„ ë‚ .ë„ˆë¬´ ëŠ¦ì€ ì‹œê°„ì´ë‹¤ë³´ë‹ˆ í›¤ížˆë°ížŒ ì‚¬ë¹„ê¶ë§Œ ë³´ê³ ì˜¨ê²ƒ ê°™ì•„ ì•„ì‰¬ì› ì–´ìš”. ë’·ìª½ìœ¼ë¡œë„ ë³¼ê²ƒì´ ë§Žì•˜ëŠ”ë°..	1
ì—¬ë¦„ì´ë¼ ì•¼ê°„ ê°œìž¥ì„ ì´ìš©í–ˆì–´ìš” ë°”ëžŒì´ ì—†ì–´ì„œ ë¥ê¸´ í–ˆëŠ”ë° ê°€ê¸¸ ìž˜í–ˆì–´ìš” ìž˜ êµ¬ê²½í•˜ê³  ê°‘ë‹ˆë‹¤~êµ¿	1
ë¶€ì—¬ ê°„ê¹€ì— ê¸‰ ê²€ìƒ‰í•´ì„œ ê°”ëŠ”ë° ìƒê°ë³´ë‹¤ ê´œì°®ì•„ì„œ ëŠ¦ê²Œê¹Œì§€ ëŒì•„ë³´ë‹¤ ì™”ì–´ìš”~	1
ì§„ì§œ ìž¬ë°Œì—ˆì–´ìš” ã…‹ã…‹ ì¶”ì²œí•©ë‹ˆë‹¤	1
ë‚ ì”¨ê°€ ë”ì› ì§€ë§Œ ì „ê¸°ì–´ì°¨ íƒ€ê³  ë‹¤ë‹ˆê¸° ì¢‹ì•˜ì–´ìš”. ê¶ë„ì²´í—˜, ë¬¼ì´ë†€ì´, ë¹„ëˆ„ë°©ìš¸ ë“± ì²´í—˜ì´ ë§Žì•„ ì•„ì´ë“¤ ë†€ê±°ë¦¬ë„ ë§Žì•„ ì¦ê±°ìš´ ì‹œê°„ ë³´ë‚´ê³ ì™”ì–´ìš”. í•˜ë£¨ëŠ” ë¶€ì¡±í•˜ê³  1ë°•2ì¼ í•˜ë©´ ë¶€ì—¬ ì´ê³³ì €ê³³ ë‹¤ë‹ ìˆ˜ ìžˆì–´ ì¢‹ì„ ê²ƒ ê°™ì•„ìš”	1
ì•„ì´ë“¤ê³¼ ìž˜ ë‹¤ë…€ì™”ì–´ìš”^^	1
ë”ìš´ë‚ ì´ì—ˆì§€ë§Œ í•´ê°€ì§€ë‹ˆ ì‹œì›í•œ ë°”ëžŒì†”ì†”ë¶ˆê³  ì•¼ê²½ì´ ë©‹ì¡Œì–´ìš” ì•„ì´ë“¤ì²´í—˜í• ê±°ë¦¬ë„ ìžˆê³  ìž¬ë°©ë¬¸ì˜ì‚¬ ìžˆìŠµë‹ˆë‹¤	1
ì•¼ê²½ ëë‚´ì£¼ê³  ë¬´ë£Œì²´í—˜ ë§Žì•„ì„œ ì•„ì´ë“¤ê³¼ ìž¬ìžˆê²Œë†ˆ ë•¡ë³•ì´ë¼ ì•¼ê°„ê°œìž¥ë•Œ ê°”ëŠ”ë° ë‚®ì´ì—ˆìŒ íž˜ë“¤ë»”	1
ì¢‹ì•„ìš”<	1
ë”ìš´ ì—¬ë¦„, ì•¼ê²½ìœ¼ë¡œ êµ¬ê²½í•  ìˆ˜ ìžˆì–´ì„œ ì¢‹ì•˜ì–´ìš”! ë‹¤ìŒì—ëŠ” ê°€ì„ì— ê°€ì„œ ë‚®ì—ë„ êµ¬ê²½í•˜ê³ ì‹¶ì–´ìš”! ê¸°ì°¨ë„ í•œë²ˆì¯¤ ì„¤ëª…ë“£ê³  ì¢‹ì•„ìš”	1
ì•¼ê°„ì´ë¼ ì œí•œëœê²ƒì´ ê½¤ ìžˆì—ˆê³  ë„ˆë¬´ ë”ì›Œì„œ ì¢€ ì„ ì„ í•´ì§€ê³  ê°€ë©´ ì¢‹ê² ë„¤ìš”	1
ì•¼ê²½ì´ ë©‹ì ¸ìš” ë‚®ì—ë„ ë°¤ì—ë„ ì˜ˆë»ìš” ë‚ ì”¨ ì„ ì„ í•´ì§€ë©´ ë‹¤ì‹œ ê°€ë³¼êº¼ì˜ˆìš”	1
ìƒê°í•œê²ƒë³´ë‹¤ ë„ˆë¬´ë„ˆë¬´ ì´ì˜ê³  ë³¼ê±°ë¦¬ë„ ë§Žê³  ë„“ì–´ì„œ.. ì§„ì§œ ë§Œì¡±ë„ ë†’ì•˜ì–´ìš”~ ê²½ì£¼ ì•ˆì••ì§€ì™€ëŠ” ë˜ë‹¤ë¥¸ëŠë‚Œ. ë°±ì œì˜ ì „ì„±ê¸°ì‹œì ˆì„ ì œëŒ€ë¡œ ëŠë¼ê³ ê°‘ë‹ˆë‹¤. ë¶€ëª¨ë‹˜.ë‚¨íŽ¸ ë„ˆë¬´ì¢‹ì•„í•´ì„œ ë¿Œë“¯í–ˆê³  ë‚®ì—ë„ ë‹¤ì‹œ ì™€ë³´ê³ ì‹¶ì–´ìš”	1
ì•¼ê°„ ì£¼ê°„ ëª¨ë‘ ì¢‹ì•„ìš”	1
ê·œëª¨ê°€ ì •ë§ í¬ê³  ë³¼ ê²Œ ë„˜ ë§Žë„¤ìš” ë”ìš´ ì—¬ë¦„ì— ê°€ì„œ ê°€ì¡±ë“¤ì´ ë„˜ íž˜ë“¤ì–´ì„œ ì˜¤ëž˜ ë³´ì§„ ëª»í–ˆì§€ë§Œ ë‹¤ìŒì— ë˜ ì˜¤ê³  ì‹¶ì–´ìš” ì„ ì„ í•œ ë´„ì´ë‚˜ ê°€ì„ì— ì˜¤ë©´ ì¢‹ì„ ê±° ê°™ì•„ìš” ë§ˆì„ ì•ˆì— ìž‰ì–´ ë¨¹ì´ì£¼ê¸° ì²´í—˜ì´ ìžˆì–´ì„œ ì•„ì´ë“¤ì´ ìž¬ë¯¸ìžˆê²Œ ì¦ê¸°ë‹¤ê°€ ì™”ì–´ìš”	1
ì•¼ê°„ì´ ë” ë³¼ë§Œí•œ ë“¯. ë„“ì–´ì„œ ë„ë³´ë¡œëŠ” ì „ì²´ ê´€ëžŒ ì‰½ì§€ ì•Šì„ ìˆ˜ ìžˆìœ¼ë‹ˆ ì „ê¸°ìžì „ê±° ì´ìš© ê¶Œí•¨.	1
ã…Žã…Ž	1
í˜ˆì´Œêº ì•Œìž¬ë¯¸~ê·¼ë°ë„ˆë¬´ë¥ë‹¤	1
ë¶€ì—¬ì˜¤ë©´ í•­ìƒ ë“¤ë¦½ë‹ˆë‹¤5ë²ˆ ì •ë„ ë“¤ë¦°ê±° ê°™ì•„ìš” ì›…ìž¥í•˜ê³  ë³¼ê±°ë¦¬ë„ ë§Žê³  ì¢‹ì€ê³³ìž…ë‹ˆë‹¤	1
ì—­ì‚¬ ì¢‹ì•„í•´ì„œ ì™”ì–´ìš”. ì—¬ë¦„ì—” ë„ˆë¬´ ë”ì›Œì„œ ì•¼ê°„ìž…ìž¥ ì™„ì „ ì¶”ì²œí•©ë‹ˆë‹¤!!! ë„˜ ì¢‹ì•˜ì–´ìš”	1
ì •ë§~~~~ì•„ë¦„ë‹¤ì›Œìš” ê°íƒ„í•˜ë©´ì„œ ëŒì•„ë‹¤ë…”ì–´ìš” ë‹¤ìŒì— ì—¬í–‰ì™€ì„œ ë˜ ë°©ë¬¸í• ê±°ì˜ˆìš” ìžì „ê±° íƒ€ê³  ë‹¬ë¦¬ë©´ì„œ  êµ¬ê²½í•œ ìˆœê°„ì´ ê°€ìž¥ ì¦ê±°ì› ê³  ë‹¤ì–‘í•œ í”„ë¡œê·¸ëž¨ì´ ë§Žì•„ìš” í˜ˆì´Œì´ëž€ ë‹´ë ¥ì²´í—˜ë„ ê°•ì¶”í•˜ê³ ìš” ìƒì–´ ìž‰ì–´ ë¨¹ì´ì£¼ê¸°ë„ ìžˆê³  ì•”íŠ¼ ê°€ë³´ì„¸ìš©~!	1
ëœ¨ê±°ìš´ ë”ìš´ ë‚ ì”¨ë³´ë‹¤ëŠ” ì‹œì›í• ë•Œê°€ë©´ êµ¬ê²½í•˜ê¸° ë„ˆë¬´ì¢‹ì„ê²ƒ ê°™ì•„ìš”	1
í‰ì¼ì´ë¼ í•œê°€í•˜ê²Œ ë‘˜ëŸ¬ë³¼ìˆ˜ ìžˆì–´ì„œ ì¢‹ì•˜ìŠµë‹ˆë‹¤. ê´€ë¦¬ê°€ ìž˜ ë˜ì–´ìžˆê³  ê³³ê³³ì— ë¬´ë£Œ ì²´í—˜ë“±ì´ ìžˆì–´ì„œ ì•„ì´ë“¤ì´ ì¢‹ì•„í• ê²ƒ ê°™ì•„ìš”. ì „ê¸° ìžì „ê±° (ìœ ë£Œ) ëŒ€ì—¬í•´ì„œ íŽ¸í•˜ê²Œ ëŒì•„ë‹¤ë‹ˆë©° êµ¬ê²½í–ˆì–´ìš”	1
ã„±	1
ë”ìš´ì—¬ë¦„ì— ë°©ë¬¸í•´ì„œ ì „ê¸°ì°¨(?) ëŒ€ì—¬í•´ì„œ ë‹¤ë…”ë”ë‹ˆ ì•„ì£¼ ì‹œì›í•˜ê²Œ ìž˜ ë‹¤ë…€ì™”ì–´ìš”! ìž˜ ê¾¸ë©°ì ¸ìžˆê³  ë‚  ì‹œì›í•˜ë©´ ì‚°ì±…í•˜ê¸°ë„ ì¢‹ì„ê²ƒ ê°™ì•„ìš”.	1
ì•¼ê²½ë„ ë„ˆë¬´ ë©‹ìžˆê³  ì‚¬ì§„ë„ ìž˜ë‚˜ì™€ì„œ êµ¬ê²½í•˜ê¸° ì¢‹ìŠµë‹ˆë‹¤~ ë„ˆë¬´ì˜ˆë»ìš”	1
ë‚®ì—” ë„ˆë¬´ ë”ì›Œì„œ ì¼ë¶€ëŸ¬ 7ì‹œì¯¤ ë„ì°©í•˜ê²Œ ê°”ëŠ”ë° ê·¸ëž˜ë„ ë„ˆë¬´ ë”ì› ì–´ìš” ì•¼ê°„ê°œìž¥ ë“¤ì–´ê°€ì‹¤ë•Œ ì¤€ë¹„ë¬¼ë¡œ ì–¼ìŒë¬¼, ì†í’ê¸° ë˜ëŠ” ë¶€ì±„ í•„ìˆ˜ìš” ìœ ëª¨ì°¨ íƒ€ëŠ” ì•„ì´ê°€ ìžˆì–´ì„œ ì „ê¸°ì–´ì°¨ë¥¼ íƒˆê¹Œë§ê¹Œ í–ˆëŠ”ë° ê¼­ íƒ€ì„¸ìš” ì‚¬ë¹„ë¡œ ì—´ì°¨ëŠ” ì‹œê°„ì´ ì •í•´ì ¸ ìžˆê³  ì‚¬ì§„ì— ìžˆëŠ” ë¹¨ê°„ ì½”ìŠ¤ë¡œë§Œ ëŒê³  ëì¸ë° ì „ê¸°ì–´ì°¨ëŠ” 30ë¶„ ë˜ëŠ” 1ì‹œê°„ ë‹¨ìœ„ë¡œ ê²°ì œí•  ìˆ˜ ìžˆê³  ê¶ ì•ˆì—ì„œ íƒ€ê³  ì›í•˜ëŠ” ìž¥ì†Œë¡œ ì´ë™í•˜ë©° ê´€ëžŒ ê°€ëŠ¥í•´ìš” ì°¸ê³ ë¡œ ì „ê¸°ì–´ì°¨ëŠ” ìˆ˜ëŸ‰ì´ í•œì •ì ì´ê³  ëŠ¦ê²Œë¼ë„ ê°€ì„œ ë¹Œë¦¬ë ¤ê³  í•˜ë‹ˆ í‡´ê·¼í•˜ì…”ì•¼ í•´ì„œ ëŒ€ì—¬ê°€ ì•ˆëì–´ìš”ã… ã…  ì €ë… 8ì‹œ ì´ì „ì—ëŠ” ê°€ì„œ ë¹Œë ¤ì•¼í•˜ë‚˜ ë´…ë‹ˆë‹¤ ë„ê¹¨ë¹„ì´ë²¤íŠ¸ í•˜ì‹¤ê±°ë©´ ì°¸ì—¬í•˜ëŠ” ì¸ì›ë§Œ ë°¤ë„ê¹¨ë¹„íŒ¨í‚¤ì§€ í•˜ì‹œê³  ë‚˜ë¨¸ì§€ëŠ” ìž…ìž¥ê¶Œë§Œ êµ¬ë§¤í•˜ì‹œë©´ ë©ë‹ˆë‹¤ ë°¤ë„ê¹¨ë¹„ ìŠ¤íƒ¬í”„íˆ¬ì–´ ìž¬ë°Œê¸´í•œë° 5ì‚´í•œí…ŒëŠ” ì–´ë µê³  ë”ì›Œì„œ ê±·ê¸° íž˜ë“¤ê³ ..ì œê°€ íˆ¬ì–´í–ˆì–´ìš”	1
ì•¼ê°„ê¶Œìœ¼ë¡œ ë“¤ì–´ê°€ì„œë‚® ì¼ëª° ë°¤ì˜ í’ê²½ ëª¨ë‘ ë³´ê³  ì™”ì–´ìš”ã…Žã…Žì–´ì¢Œë„ ì•‰ì•„ë³´ê³  ë¶ë„ ì³ë³´ê³  ì „ë§ëŒ€ë„ ê°€ê³  ì „ê¸°ì–´ì°¨(ìœ ë£Œ)ë„ íƒ”ì–´ìš” ìœ ë ¹ì˜ ì§‘? í˜ˆì´Œí–‰ì‚¬ë„ í•˜ë˜ë° ìž¬ë¯¸ìžˆì„ ê²ƒ ê°™ì•„ìš”ã…‹ã…‹	1
ë¶€ëª¨ë‹˜ì´ëž‘ ì•¼ê°„ê°œìž¥ ìž…ìž¥ê¶Œ ì˜ˆë§¤ í›„ ë°©ë¬¸í–ˆì–´ìš” ë„ì°©í•˜ìžë§ˆìž ë„ˆë¬´ ì•„ë¦„ë‹¤ì›Œì„œ ë†€ëžìŠµë‹ˆë‹¤ ê·¸ë¦¬ê³  êµ‰ìž¥ížˆ ê·œëª¨ê°€ ì»¸ì–´ìš” ê³µí¬ì²´í—˜ë„ í•˜ê³  ìžˆì—ˆëŠ”ë° ì €ëž‘ ë¶€ëª¨ë‹˜ì€ ì•ˆí–ˆìŠµë‹ˆë© ì¹œêµ¬ë“¤ì´ë‚˜ ì•„ì´ë“¤ì´ëž‘ ì˜¤ì‹  ë¶„ë“¤ì€ í•˜ë©´ ì¢‹ì„ ê²ƒ ê°™ì•„ìš” ì•¼ê°„ê°œìž¥ì— ë¶ˆì´ ë‹¤ ë“¤ì–´ì™€ìžˆìœ¼ë‹ˆê¹Œ ì•„ë¦„ë‹µê³  ì‚¬ì§„ë„ ì •ë§ ìž˜ë‚˜ì˜¤ë”ë¼êµ¬ìš” ì—¬ê¸°ëˆˆ ë¶€ì—¬ì˜¤ì‹œë©´ ê¼­ ë“¤ë¦¬ì„¸ìš”!!	1
ì‚¬ë¹„ë¡œì—´ì°¨íƒ€ê³  ì•¼ê°„ê°œìž¥ ë“¤ì–´ê°”ëŠ”ë°ìš” ì „ê¸°ìžì „ê±°ê°€ í›¨ì”¬ íš¨ìœ¨ì ì¸ê²ƒê°™ì•„ìš” ë”ìš°ë‹ˆê¹Œ ì•¼ê°„ê°œìž¥ ì¶”ì²œí•©ë‹ˆë‹¤	1
ì–´ë¦°ì´ì™€ ë‹¤ë…€ì˜¤ê¸°ì— ìž¬ë°Œì—ˆìŠµë‹ˆë‹¤. ì—¬ë¦„ì— ê°”ë˜í„°ë¼ ë„ê¹¨ë¹„ë„ ìž¬ë°Œì—ˆêµ¬ ë‹¤ìŒì—” ì—­ì‚¬ë¥¼ ë” ì•Œê³ ì˜¤ë©´ ìž¬ë¯¸ë‚ ê²ƒ ê°™ì•„ìš”.	1
ë‚®ê³¼ëŠ” ë˜ë‹¤ë¥¸ ëŠë‚Œì´ë„¤ìš” ì—„ì²­ ë©‹ì§€ë„¤ìš”ã…Žã…Ž ë°¤ë„ê¹¨ë¹„í•˜ë©´ì„œ ë‹¤ë‹ˆë‹ˆ êµ¬ì„êµ¬ì„ ë‹¤ë‹ìˆ˜ ìžˆì–´ì„œ ì¢‹ë„¤ìš”	1
ë”ìš´ì—¬ë¦„ ì•¼ê°„ êµ¬ê²½í•˜ê¸° ì¢‹ì•„ìš”~~	1
ë°±ì œì—­ì‚¬ ê³µë¶€ ë§Žì´ í–ˆì–´ìš”	1
ì•¼ê°„ê°œìž¥ì´ ì¢‹ì•„ìš” ë‚®ì—” í•´ ì¨ì¨í•´ì„œ ëª»ë‹¤ë‹ê±° ê°™ì•„ìš”	1
í˜ˆì´Œ ì‹œì¦Œ 4ì— ë‹¤ë…€ì™”ì–´ìš”! ë¬´ì‹œë¬´ì‹œ í•˜ë„¤ìš”..ã… ã… ã… ã… ã… ìƒí’ˆë„ ë°›ì•˜ìŠµë‹ˆë‹¿ã…Ž	1
êµ¿	1
í•œë‚®ë„ ì¢‹ì§€ë§Œ í•´ì§ˆë…˜ ì•¼ê°„íˆ¬ì–´ë„ ì¶”ì²œí•©ë‹ˆë‹¤ ë°”ì´í¬ ëŒ€ì—¬í•´ì„œ ë‹¤ë‹ˆëŠ”ê±° ê°•ì¶” í•©ë‹ˆë‹¤ ì•„ì´ë„ ì¢‹ì•„í•˜ê³  í›¨ì”¬ íŽ¸í•˜ê²Œ ë‹¤ë‹ìˆ˜ ìžˆì–´ìš”	1
ë°±ì œì˜ ê±´ì¶•ì–‘ì‹ì„ ì§ì ‘ ë³¼ ìˆ˜ ìžˆì–´ ì¢‹ì•˜ì–´ìš”! ë§¤ ì •ì‹œì— í•´ì„¤ë„ ìžˆì–´ì„œ í•¨ê»˜ ë“¤ìœ¼ë©´ì„œ ê´€ëžŒí•˜ë‹ˆ ë” ìœ ìµí–ˆìŠµë‹ˆë‹¤ ê³µê°„ì´ ë„“ê³  ìž˜ ìœ ì§€ê°€ ë˜ê³ ìžˆì–´ì„œ ê³ ì¦ˆë„‰í•˜ê²Œ ê´€ëžŒí•˜ê¸° ì¢‹ì•„ìš”~! ì•¼ê°„ê°œìž¥ë„ ê¸°ëŒ€ë˜ë„¤ìš”	1
ë„ˆë¬´ ë”ì›Œì„œ ì œëŒ€ë¡œ ë‹¤ ë‘˜ëŸ¬ë³¼ìˆ˜ê°€ ì—†ì—ˆì–´ìš”.. í‰ì¼ì´ë¼ ì•¼ê°„ê°œìž¥ì´ ì—†ì–´ì„œ ì•„ì‰¬ì› ë„¤ìš”..	0
ë°±ì œì— ê´€í•œ ë§Žì€ ì–µì‚¬ì  ì‚¬ì‹¤ì„ ì•Œê²Œë˜ìžˆìŠµë‹ˆë‹¤. ì¡°ê²½ë„ ì•„ë¦„ë‹µê³  ì „ì²´ì ìœ¼ë¡œ ì„¸ì‹¬í•˜ê²Œ ê´€ë¦¬í•˜ì‹œëŠ” ê±° ê°™ì•„ìš”.	1
ì¢‹ì•„ìš”	1
ì—¬ìœ ë¡­ê²Œ êµ¬ê²½í•˜ê³  ì¢‹ì•„ìš” ë„“ìŠµë‹ˆë‹¤ ë‹¤ë§Œ ë­˜ í• ë ¤ë©´ ëŒ€ë¶€ë¶„ ë˜ ì¶”ê°€ìš”ê¸ˆì„ ë‚´ì•¼í•©ë‹ˆë‹¤ ë‹¨ìˆœížˆ ê±´ë¬¼ êµ¬ê²½ë§Œ í•˜ì‹ ë‹¤ë©´ ìž…ìž¥ë£Œë§Œ ì§€ë¶ˆí•˜ì‹œë©´ ë˜ìš”	1
ì¢‹ë„¤ìš” ì• ë“¤ì´ì¢‹ì•„í•´ìš”.	1
ë°±ì œ ì—­ì‚¬ ë³¼ ìˆ˜ ìžˆê³  ë‹¤ì–‘í•œ ë³¼ê±°ë¦¬ê°€ ë§Žì•„ìš”	1
ì—„ì²­ ë„“ê³  ì¢‹ë„¤ìš” ì›…ìž¥í•´ìš”	1
ë„ë³´ ì¢‹ì•„ìš”	1
ì—¬ë¦„ë°¤ ì‚°ì±…í•˜ê¸°ì— ë”í• ë‚˜ìœ„ì—†ì´ ì¢‹ì•˜ì–´ì˜	1
ë„“ì€ ê³µê°„ì— ë°±ì œì˜ ì—­ì‚¬ë¥¼ ë‹´ì•„ë‘”ê³³ìœ¼ë¡œ ì—¬ê¸°ì €ê¸° ë³¼ê±°ë¦¬ê°€ ê°€ë“í•˜ê³  ë¬´ì—‡ë³´ë‹¤ ì‚°ì±…í•˜ê¸°ì¢‹ì€ê³³ìž…ë‹ˆë‹¤..ë‹¨ ìž¬í˜„ëœ ë§ˆì„ì€ ë­”ê°€ ì•„ì‰¬ì›€ì´ ë‚¨ì•˜ì–´ìš”..ë„ˆë¬´ ê·œëª¨ì—ë§Œ ì§‘ì¤‘í•œ ëŠë‚Œ;; í•œì—¬ë¦„ì— í­ì—¼ì£¼ì˜ë³´ê°€ ë‚´ë¦° ëŒ€ë‚®ì— ë°©ë¬¸í–ˆë‹¤ ì“°ëŸ¬ì§ˆë»”ìš”ã…‹ ê°€ì„ë´„ì— ì°¾ìŒ ë”±ì¼ë“¯ìš”..ì—¬ë¦„ì—” ì €ë…ì— ì°¾ì•„ë³´ê¸¸ ì¶”ì²œë“œë ¤ìš” ìž…ìž¥ë£Œ 6ì²œì›ìœ¼ë¡œ ë°•ë¬¼ê´€ê¹Œì§€ ë‘˜ëŸ¬ë³¼ ìˆ˜ ìžˆìŠµë‹ˆë‹¤. ìš”ì¦˜ ëŒ€ë¶€ë¶„ ìž…ìž¥ë£Œê°€ ë¬´ë£Œë¡œ ì „í™˜ë˜ëŠ”ë° 6ì²œì›ì˜ ìž…ìž¥ë£ŒëŠ” ì¡°ê¸ˆ ì•„ì‰¬ì› ì–´ìš”..^^;	1
ì¢‹ì•„ìš”	1
ì•¼ê²½ì€ 8ì‹œ ë„˜ì–´ì•¼ë˜ìš©ã…Žã…Ž ì €ë…ì— ì„ ì„ í•´ì§„ ê³µê¸°ì†ì—ì„œ ì˜› ë°±ì œì˜ ì •ì·¨ë¥¼ ë¬¼ì”¬ ëŠë‚„ìˆ˜ìžˆì—ˆìŠµë‹ˆë‹¤	1
ë§¤í‘œì†Œ ì§ì›ë¶„ë“¤ë„ ì¹œì ˆí•˜ì‹œê³  ì„¤ëª… ìž˜í•´ì£¼ì…”ì„œ ìž…ìž¥ë£Œ í•©ë¦¬ì ìœ¼ë¡œ ê³„ì‚°í•´ì„œ ìž…ìž¥ í–ˆì–´ìš” ë³¼ê±°ë¦¬ ì•¼ê²½ ë§Žì•„ì„œ ì¢‹ì•„ìš”	1
ë°¤ë„ê¹¨ë¹„ ë¯¸ì…˜ ìž¬ë¯¸ìžˆê²Œ í–ˆê³  ì•„ì´ë“¤ì€ ë•€ í•œë°”ê°€ì§€ ìŸê³  ê¸°ì ˆí•˜ë“¯ì´ ìž¤ìŠµë‹ˆë‹¤	1
ë”ìš´ ì—¬ë¦„ ì•¼ê°„ ë°©ë¬¸í•˜ê¸° ì¢‹ì•˜ì–´ìš”. ë°¤ 10ì‹œ ë§ˆê° ë¥ì§€ì•Šê³  ë‘˜ëŸ¬ë³´ê¸° ì¢‹ë„¤ìš”. ë„¤ì´ë²„ì˜ˆì•½ì‹œ í• ì¸ë˜ìš”.	1
ì¢‹ì•„ìš”	1
ë¬¸í™”ìž¬ í•´ì„¤ë„ ìž˜ ë“£ê³  ê´€ëžŒí•˜ë©´ì„œ ê°ë™í–ˆëŠ”ë° ëœ¬ê¸ˆì—†ëŠ” ë¯¸ë‹ˆ ë™ë¬¼ì›ì— ê²½ì•…í–ˆìŠµë‹ˆë‹¤. ì‚¬ëžŒë„ ì£½ì„ ê²ƒ ê°™ì€ í­ì—¼ì— ë¬¼ë„ ì—†ì´ ì—¼ì†Œ ë°©ì¹˜í•˜ê³  ë¹—ë¬¼ë°›ì€ ëŒ€ì•¼ì—ëŠ” ì˜¤ë¬¼ì´ ê°€ë“í•˜ê³  ë°”ë‹¥ì—” ëŒ€ë³€ì´ ê°€ë“.ì˜¤ë¦¬ì‚¬ëŠ” ë” ì‹¬í•´ì„œ ì•…ì·¨ê°€ í’ê¹ë‹ˆë‹¤. ë™ë¬¼ë³µì§€ ìƒê°í•´ì„œ ìž˜ ê´€ë¦¬í•˜ê±°ë‚˜ ì•„ì˜ˆ ì¸ê³µë¬¼ë¡œ ëŒ€ì²´í•˜ëŠ” ê²Œ ë‚˜ì„ ê²ƒ ê°™ìŠµë‹ˆë‹¤. ì™¸êµ­ì¸ë“¤ ë³´ê¸°ì—ë„ ë¶€ë„ëŸ½ë„¤ìš” ì°¬ëž€í•œ ë°±ì œë¬¸í™” ì•Œë¦¬ë ¤ë‹¤ ë™ë¬¼í•™ëŒ€ ì•Œë ¤ì§ˆ ë“¯. ì¡°ì†í•œ ì‹œì •ì„ ë°”ëžë‹ˆë‹¤.	0
ë¶€ì—¬ ì˜¤ì‹œë©´ ê¼­ ì˜¤ì„¸ìš” ë„ˆë¬´ ì˜ˆë»ìš”!!	1
ì–´ë ¸ì„ë•Œ ë°©ì´ë™ ë°±ì œê³ ë¶„ê³¼ ì„ì´Œë™ ì‚¼ì „ë„ë¹„ë¥¼ ë†€ì´í„°ì²˜ëŸ¼ ë‹¤ë…€ì„œ ë°±ì œë¬¸í™”ë‹¨ì§€ì— ìžˆëŠ” ìœ ì ë“¤ì´ ë‚¯ì„¤ì§€ ì•Šì•˜ë‹¤ ì¡°ì„ ì‹œëŒ€ ìŠ¹ìž ì—­ì‚¬ë¥¼ ë§Žì´ ì²´í—˜í•˜ê³  ìµìˆ™í•œ íƒ“ì¸ì§€ ë°±ì œ ë¬¸í™”ê°€ ì œëŒ€ë¡œ ë³µì›ì´ ì•ˆëœíƒ“ì¸ì§€ ì¡°ì„ ì‹œëŒ€ ìœ ì ì˜ ë‚´ìŒìƒˆê°€ ë§Žì´ ê°€ë¯¸ë˜êµ¬ ì‹œë©˜íŠ¸ê°€ ë§Žì´ ì„žì¸ ë‹´ìž¥ì´ ì´ì§ˆì ì´ê¸°ë„ í•˜ì§€ë§Œ ì´ëŸ° ë¬¸í™”ë‹¨ì§€ê°€ ë§Žì´ ì¡°ì„±ë˜ì—ˆìœ¼ë©´ í•˜ëŠ” ë°”ëžŒë„ ìžˆë‹¤	0
í•´ì§ˆë…˜ì¯¤ê°€ì„œ 9ì‹œ ì¯”ìŒ ê¹Œì§€ ìžˆìœ¼ë©´ ë¶ˆì¼œì ¸ ìžˆì–´ì„œ ì˜ˆë»ìš©	1
ì•¼ê°„ìœ¼ë¡œ ì™”ëŠ”ë° í•´ì§€ëŠ” ì‹œê°„ ë„ˆë¬´ ê¸‰í•˜ê²Œ ë„ì°©í•´ì„œ ì„ì–‘ì‚¬ì§„ì„ ëª» ì°ì—ˆë„¤ìš” ë§¤í‘œì†Œ ì§ì›ë¶„ì´ ì„¤ëª…ì„ ëª…í™•í•˜ì§€ ì•Šê²Œ í•´ì£¼ì–´ í• ì¸ë„ ëª» ë°›ê³ , ì°ì°í•œ ìƒíƒœë¡œ ê´€ê´‘í•œê²Œ ì•„ì‰¬ì›Œìš” ì•¼ê°„í”„ë¡œê·¸ëž¨ì€ ì–´ë‘ì›Œì„œ ëª» ê°€ëŠ” ê³³ë„ ë§Žê³  ë²Œë ˆë„ ë§Žì•„ì„œ ì² ê°‘ìƒì–´ ë¨¹ì´ë§Œ ì£¼ê³  ì¼ì° ë‚˜ì™”ì–´ìš” ì¡°ê¸ˆ ì¼ì° ì˜¤ë©´ ì—°ë‚ ë¦¬ê¸° ì „ê¸°ìžì „ê±°ë“±ë„ ì¦ê¸°ê³  ì¢‹ì„ ê²ƒ ê°™ì•„ìš”	0
ë„ê¹¨ë¹„ ì²´í—˜ ì•„ì´ì™€ ìž¬ë¯¸ìžˆê²Œí–ˆìŠµë‹ˆë‹¤ :)	1
ì§„ì§œ ìœ ì ì§€ëŠ” ì•„ë‹ˆì§€ë§Œ ê·¸ëž˜ë„ ë°±ì œ ì‹œëŒ€ìƒì„ ìž˜ ì‚´ë ¤ ì•¼ëŸ¬ ëª¨ìŠµì„ ë³¼ ìˆ˜ ìžˆìŠµë‹ˆë‹¤. í¬ê¸°ë„ í¬ì§€ ì•Šê³  ê°€ê²©ë„ í•©ë¦¬ì ìž…ë‹ˆë‹¤.	1
ë¦¬ì¡°íŠ¸ ê·¼ì²˜ë¼ ê¸°ëŒ€ì—†ì´ ì•¼ê°„ì— ê°”ëŠ”ë° ì§„ì§œ ì •ë§ ì¢‹ì•˜ìŒ ê¸°ë³¸ì ìœ¼ë¡œ ìˆ˜ìˆ˜í•˜ë©´ì„œ ì¡°ê¸ˆì€ í™”ë ¤í•œ ë°±ì œì‹œëŒ€ ê±´ì¶•ë¬¼ ë³´ëŠ” ìž¬ë¯¸ + ì‚°ì±…í•˜ë©´ ë§ˆìŒì´ ê³ ìš”í•˜ê³  í‰ì•ˆí•´ì§	1
ë¶€ì—¬ë¡¯ë°ë¦¬ì¡°íŠ¸ ê·¼ì²˜ë¼ ìœ ëª¨ì°¨ë¡œ ê°ˆë§Œí•˜ê³  ì•¼ê²½ì´ ì´ë»ì„œ ìž˜ ëŒì•„ë´¤ì–´ìš”	1
ë‹¤ë“¤ ì–´ë§ˆì–´ë§ˆí•˜ê²Œ ë„“ë‹¤ê³  í•´ì„œ ì•ˆë”ìš´ ë°¤ì— ê°”ëŠ”ë° ì œê°€ ì•¼ë§¹ì¦ì´ ìžˆì–´ì„œ ì–´ë‘ìš´ ê±°ë¦¬ë¥¼ ê±¸ì–´ë‹¤ë‹ˆëŠ”ê²Œ ì¡°ê¸ˆ ì–´ë µê¸´í–ˆì–´ìš” ì›Œë‚™ì— ë„“ì€ë° ë°¤ê¸¸ê¹Œì§€ ì•ˆë³´ì´ë‹ˆ ì•½ê°„ì€ ë¬´ì„œìš°ë©´ì„œ íž˜ë“¤ì—ˆëŠ”ë°ìš” ì§„ì§œ ë‹¤ë“¤ í›„ê¸°ì—ì„œë„ ê·¸ëž¬ë“¯ì´ ì–´ë§ˆì–´ë§ˆí•˜ê²Œ ë„“ì–´ì„œ ë“¤ì–´ê°€ì‹œê¸°ì „ì— ê¼­ í™”ìž¥ì‹¤ ë“¤ë €ë‹¤ ê°€ì„¸ìš” ì–´ë‘ì›Œì„œë„ ëª»ì°¾ëŠ”ë° ë„ˆë¬´ ë„“ì–´ì„œë„ ë”ë” ëª»ì°¾ìœ¼ë‹ˆ ê¼­ í™”ìž¥ì‹¤ ë¨¼ì € ë“¤ë €ë‹¤ ê°€ì„¸ìš”	0
ê¸°ëŒ€ì•ˆí•˜ê³  ì™“ëŠ”ë° ë„ˆë¬´ ì•„ë¦„ë‹µê³  ë©‹ì¡Œì–´ìš” ê°€ê¹Œìš°ë©´ ìžì£¼ ë°©ë¬¸í•˜ê³  ì‹¶ì€ ìƒê°ì´ ë“¤ì—‡ì–´ìš”	1
ì¡°ì•„ìš”	1
ê°€ê²©ì´ ì¢€ ë¹„ì‹¸ìš”. ë¶€ì—¬ë¦¬ì¡°íŠ¸ê¹Œì§€ ì…”í‹€ìžˆìœ¼ë©´ ì¢‹ê² ì–´ìš”	0
ê¹¨ë—í•˜ê³  ì¾Œì í•˜ê³  ì¡°ìš©í•´ìš”. ì‚°ì±…ë§Œí•´ë„ ì¢‹ì„ê²ƒê°™ê³  ì—¬ë¦„ì—” ì•¼ê°„ì¶”ì²œí•©ë‹ˆë‹¤	1
êµ¿	1
ë‚ ì´ ëœ¨ê±°ì› ì§€ë§Œ ê·¸ëž˜ë„ ì˜ˆìœ ì‚¬ë¹„ê¶ê³¼ ë°±ì œì‹œëŒ€ì˜ ì •ì·¨ë¥¼ ëŠë‚„ ìˆ˜ ìžˆì–´ ë„ˆë¬´ ì¢‹ì•˜ìŠµë‹ˆë‹¤ í•œë³µëŒ€ì—¬ì  ì„ ìƒë‹˜ë„ ì—„ì²­ ì¹œì ˆí•˜ì‹œê³  ìž˜ í•´ì£¼ì…¨ì–´ìš” ë‹¤ìŒì—ë„ í•œë³µëŒ€ì—¬ í•´ì„œ ìž…ìž¥í•˜ê³ ì‹¶ì–´ìš”!	1
ì•„ì´ì™€ ê°™ì´ ë°©ë¬¸í•˜ê¸° ì¢‹ì•„ìš” ë¬´ë£Œì²´í—˜ë„ ë§Žì•„ìš”	1
ê°€ì¡±ì—¬í–‰ìœ¼ë¡œ ì˜¨ ë¶€ì—¬.ë°±ì œë¬¸í™”ë‹¨ì§€ëŠ” ì²˜ìŒê°€ë´¤ëŠ”ë° ì›…ìž¥í•œ ë°±ì œì„±ì´ ë©‹ìžˆì—ˆê³ .ë°¤ë„ê¹¨ë¹„ ë¯¸ì…˜ì„ í•˜ë©´ì„œ ê³µë¶€í•˜ê³ .ì°¾ê³  ì•„ì´ê°€ ì¢‹ì•„í–ˆìŠµë‹ˆë‹¤.	1
ì•„ì´ëž‘ ê°€ê¸° ì¢‹ì•„ìš”	1
ì¢‹ì•„ìš”	1
ë¡¯ë°ë¦¬ì¡°íŠ¸ ë°”ë¡œì•žì´ë¼ ê±¸ì–´ê°ˆìˆ˜ìžˆì–´ìš”. ì—¬ë¦„ì—” ì•¼ê²½ë³´ëŸ¬ê°€ëŠ”ê²Œ ë¥ì§€ë„ ì•Šê³  ì¢‹ì€ ê²ƒ ê°™ìŠµë‹ˆë‹¤. (í•œë³µì²´í—˜ê³¼ ì „ë§ëŒ€ê´€ëžŒì€ ì•¼ê°„ê°œìž¥ì—” ëª»í•´ìš”.) ì•„ì´ í•œëª…ë§Œ ë°¤ë„ê¹¨ë¹„ ì‹ ì²­í–ˆëŠ”ë°, ë•ë¶„ì— êµ¬ì„êµ¬ì„ ìž˜ ë³´ëŸ¬ë‹¤ë…”ì–´ìš”. ë¯¸ì…˜ì™„ë£Œì— 2ì‹œê°„ ì•ˆê±¸ë ¤ìš”.	1
ì™€ ì§„ì§œ ì•¼ê²½ì´ ë©‹ì¡ŒìŠµë‹ˆë‹¤ ë°¤ë„ê¹¨ë¹„ ìœ¼ìŠ¤ìŠ¤í•˜ê²Œ ìž˜ í•˜ê³  ì™”ì–´ìš”	1
ë‚ ì”¨ê°€ ë”ì› ì§€ë§Œ ìš°ì‚°ì“°ê³  ì—¬ëŸ¬ê°€ì§€ ì²´í—˜ êµ¬ê²½ ìž˜í•˜ê³  ì™”ìŠµë‹ˆë‹¤ ì„ ì„ í•œ ë‚ ì”¨ì— ì˜¤ë©´ ì¢‹ì„ê²ƒ ê°™ì•„ìš” ì—´ì°¨5ì²œì› ì „ê¸°ìžì „ê±° 25000ì› ìž…ë‹ˆë‹¤ ì²´í—˜ìœ„í•´ ê·¸ëƒ¥ ê±¸ì–´ë‹¤ë…”ëŠ”ë° ë”ì›Œë„ ì•Œì°¨ê²Œ êµ¬ê²½ ë‹¤ í–ˆìŠµë‹ˆë‹¤	1
ì•„ì´ë“¤ê³¼ ë°©ë¬¸í•´ì„œ ì‚°ì±…í•˜ë“¯ ë‘˜ëŸ¬ë³´ê¸°ì— ì¢‹ì•„ìš”^^ íŠ¹ížˆ ì•¼ê²½ì´ ë„ˆë¬´ ì˜ˆë»ìš”~ê²½ì£¼ ëª»ì§€ ì•Šì€ ì•¼ê²½ë¯¸ ë¿œë¿œ~ ê³³ê³³ í¬í† ìŠ¤íŒŸë“¤ë„ ë§Žê³ , í•œì í•˜ë‹ˆ ë„“ê³  ê¹¨ë—í•´ì„œ ì¢‹ê³ , ì•„ì´ë“¤ì´ ë¯¸ì…˜ì„ í†µí•´ ìŠ¤íƒ¬í”„ì°ëŠ” ì´ë²¤íŠ¸ê°€ ìžˆì–´ ì‹¬ì‹¬í•˜ì§€ ì•Šì•„ìš”~ê·¼ì²˜ì— ì•„ìš¸ë ›ì´ë‚˜ í™©í¬ë›ë°°íƒˆê³³ê³¼ ê°™ì´ ê°€ë³¼ë§Œí•œê³³ì´ ë§Žì•„ì„œ ì¢‹êµ¬ìš”~ìžë…€ë¶„ë“¤ê³¼ í•¨ê»˜ ê°€ì¡±ë‹¨ìœ„ë¡œ ë°©ë¬¸í•˜ê¸°ë„ ì¢‹ê³ , ì—°ì¸ë“¤ë¼ë¦¬ ì™€ì„œ ì¸ìƒìƒ·ê±´ì§€ê¸°ë„ ì¢‹ì€ ì—­ì‚¬ìœ ì ì§€ìž…ë‹ˆë‹¤~^^	1
ì•„ì´ì™€ ì‚°ì±…í•˜ê¸° ì¢‹ì•„ìš” ë¶€ì§€ê°€ ê½¤ ë„“ì–´ì„œ ì „ê¸°ì–´ì°¨ íƒ€ê³  ë‘˜ëŸ¬ë³´ë©´ ì¢‹ë”ë¼êµ¬ìš”! ë¶ì ì´ì§€ ì•Šê³  ì‚¬ì§„ ìŠ¤íŒŸë„ ë§ŽìŠµë‹ˆë‹¤.	1
êµ¿ 	1
ë„ê¹¨ë¹„ ì†Œíƒ•ëŒ€ìž‘ì „ ìž¬ë°Œì–´ìš”. ì•¼ê°„ì— ì‚¬ì§„ì°ìœ¼ë‹ˆ ë„˜ ì˜ˆë»ìš”	1
ì™€ìš° :) ì´ˆë”© 3 + ìœ ì¹˜ì›ìƒ 1ëª… ë°ë¦¬ê³  ê°”ëŠ”ë° ì •ë§ ë³¼ê±°ë¦¬ ë§Žì•˜ì–´ìš”! ë¬¼ë¡  ì´ˆì € ì•„ì´ë“¤ì€ ì¢€ ì–´ë ¤ìš´ ë‚´ìš©ë“¤ì´ì—ˆì§€ë§Œ ì´ˆê³ í•™ë…„ ì•„ë“¤ì—ê²ŒëŠ” ìµœê³   ë¬¸í™”í•´ì„¤ì‚¬ ì„¤ëª…ë„ ì •ë§ ìœ ìµí•˜ê³  ìž¬ë¯¸ìžˆì—ˆìŠµë‹ˆë‹¤~	1
ê¸°ë…í’ˆì´ ë‹¤ì–‘í•´ìš”.	1
ì‹œì„¤ê´€ë¦¬ê°€ ìž˜ë˜ì–´ìžˆê³ , ì•„ì´ì™€í•¨ê»˜ ê°”ëŠ”ë° ì´ê²ƒì €ê²ƒ ì²´í—˜ë„ í•´ë³¼ìˆ˜ìžˆê³ , ë°±ì œë¥¼ í•œëˆˆì— ë‹¤ ë“¤ì—¬ë‹¤ ë³¼ ìˆ˜ìžˆì–´ìš”!^^ ë‚®ì—” ë„ˆë¬´ ë”ìš°ë‹ˆ ì—¬ë¦„ì—” ì•¼ê²½ë„ ì˜ˆì˜ê³  ì‹œì›í•œ ë°¤ì— ê´€ëžŒí•˜ì‹œëŠ” ê²ƒì„ ì¶”ì²œë“œë¦½ë‹ˆë‹¤!!	1
ë„“ì–´ì„œ ì•„ì´ë“¤ê³¼ ì „ê¸°ìžì „ê±°ë¡œ êµ¬ê²½í–ˆëŠ”ë° ì´ê²ƒì´ ì‹ ì˜í•œìˆ˜. ì•„ì´ë“¤ì´ ë¬´ì²™ ì¢‹ì•„í•˜ë„¤ìš”. ë°”ë¡œ ì˜†ì´ ë¡¯ë°í”„ë¦¬ë¯¸ì—„ì•„ìš¸ë ›ì´ë¼ ì—¬ê¸°ì„œ ì‹ì‚¬ë„ í•˜ê³  ì‡¼í•‘ê¹Œì§€... 1ì„ 3ì¡° ìž…ë‹ˆë‹¤. ^^	1
êµ¿	1
êµ¿	1
ë‚ ì´ ë„ˆë¬´ ë”ì›Œì„œ ì‚¬ë¹„ë¡œ ì—´ì°¨ íƒ€ê³  í•œë°”í€´ ëŒì•˜ìŠµë‹ˆë‹¤. ë„“ì§í•˜ê³  ì• ë“¤ ë›°ì–´ë†€ê¸° ì¢‹ìŠµë‹ˆë‹¤. ì—´ì°¨ë‚´ì—ì„œ ì„¤ëª…ì´ ì¢€ ë” ìžì„¸í–ˆìœ¼ë©´ í•˜ëŠ” ë°”ëž¨ì´ ìžˆìŠµ	1
ì´ì˜ê³  ë¶„ìœ„ê¸°ê°€ ë˜ê²Œ ì¢‹ì•„ìš”. ê´€ë¦¬ê°€ ìž˜ ë˜ì–´ ìžˆìŠµë‹ˆë‹¤	1
êµ¿	1
ê³ ì¦ˆë„‰í•˜ê³  íŽ¸ì•ˆí•˜ê³  ì¢‹ì•„ìš”~~ì•„ì´ë“¤ê³¼ ì¹œêµ¬ë“¤ê³¼ í•¨ê»˜ì™”ëŠ”ë°~ ì‚°ì±…í•˜ê¸°ë„ ì¢‹ê³  ì²´í—˜í•˜ëŠ”ê²ƒë„ ë§Žì•„ì„œ ì¢‹ì•˜ì–´ìš”~~â™¡	1
ëª‡ ë…„ ì‚¬ì´ì— ë§Žì´ ë°”ë€Œì—ˆë„¤ìš”. ë³¼ê±°ë¦¬ê°€ ë§Žì•„ì¡Œì–´ìš”. ì¢€ ëŠ¦ê²Œ ë„ì°©í•´ì„œ ë°”ì˜ê²Œ ë³´ê³  ì™”ëŠ”ë° ë‹´ì— ì—¬ìœ ìžˆê²Œ ë‘˜ëŸ¬ë´ì•¼ê² ì–´ìš”	1
ê°€ì¡± ì¹œì§€ì™€ ì¢‹ì€ ì¶”ì–µë‚¨ê¸°ê³  ê°‘ë‹ˆë‹¤!!	1
ì–´ë””ì„œ ì–´ë–»ê²Œ ì°ì–´ë„ ì‚¬ì§„ë„ ìž˜ë‚˜ì˜¤ê³  ê´€ë¦¬ê°€ ìž˜ë˜ì–´ìž‡ì–´ì„œ ê¹”ë”í•©ë‹ˆë‹¤	1
í• ì¸ê¶Œìœ¼ë¡œ ë°œê¶Œ í•´ ì£¼ì…”ì„œ ìž˜ ë³´ê³  ì™”ìŠµë‹ˆë‹¤	1
ê°‘ìžê¸° ë°©ë¬¸í•´ì„œ ë°•ë¬¼ê´€ì€ ëª»ë´¤ì§€ë§Œ ì•¼ê°„ê°œìž¥ì„ í•´ì„œ ì‚¬ë¹„ë¡œ ì—´ì°¨ë„ íƒ€ê³  í•´ì„¤ê°€ ì„ ìƒë‹˜ì˜ ë§ì”€ì„ ë“¤ìœ¼ë‹ˆ ë„ˆë¬´ ì¢‹ì•˜ì–´ìš”. ì•„ì´ì™€ í•¨ê»˜ì—¬ì„œ ì•¼ê°„ì´ ì•„ë‹ˆì˜€ìœ¼ë©´ ì¡°ê¸ˆ íž˜ë“¤ì—ˆì„ êº¼ ê°™ì€ë° ì•¼ê°„ì´ë¼ ë” ë©‹ìžˆê³  ì•„ì´ê°€ ë„ê¹¨í”¼ ìŠ¤í…œí”„ ì°ëŠ” ì¢…ì´ë¥¼ ëª»í–ˆë‹¤ê³  ì•„ì‰¬ì›Œ í•´ì„œ ë°©í•™ ë•Œ ë˜ ë°©ë¬¸í•˜ìžê³  ì•½ì†í–ˆë„¤ìš”! ì•„ì´ì™€ ë°¤ì— ê°€ì‹¤ ë¶„ì€ ì‚´ì§ ìŒ€ìŒ€í•˜ë‹ˆ ë‹´ìš”ë‚˜ ì™¸íˆ¬ë¥¼ ê¼­ ì±™ê¸°ì„¸ìš”	1
ì›…ìž¥ ê·¸ìž¡ì±„! ì½”ë¼ë¦¬ì—´ì°¨ ì•ˆíƒ€ê³  ëŒì•˜ëŠ”ë° ê±¸ì„ë§Œ í–ˆê³ , ì•¼ê°„ê°œìž¥ë•Œ ê°„ê±°ë¼ ë°•ë¬¼ê´€ ëª»ë³¸ê±´ ì•„ì‰¬ì› ì§€ë§Œ ê·¸ë§Œí¼ í•œì í•˜ê³  ì¢‹ì•˜ìŒ! ë¬´ìŠ¨ ëŒë©´ì„œ ë„ìž¥ì°ê¸° ì´ë²¤íŠ¸ ê°™ì€ê±° í•˜ëŠ”ê±° ê°™ì•˜ëŠ”ë°â€¦ ê·¸ê²Œ ë„ˆë¬´ì˜¤ížˆë ¤ ì‹œë„ëŸ½ê³  ë°©í•´ëœê²Œ ë‹¨ì !	1
ìž…ìž¥ í•  ë•Œ í‘œ í™•ì¸í•´ ì£¼ì‹œê³  ë‚˜ì¤‘ì— ë°¤ë„ê¹¨ë¹„ ë¬¸ì œì§€ í™•ì¸ í•´ ì£¼ì‹œëŠ” ì„ ìƒë‹˜ë¶„ë“¤ ë„ˆë¬´ ì¹œì ˆí•˜ì‹œê³ , ì´ê²ƒì €ê²ƒ ì¢‹ì€ ì„¤ëª… ë§Žì´ í•´ì£¼ì‹œê³ , íŠ¹ížˆ ì•„ì´ ì˜ˆë»í•´ ì£¼ì…”ì„œ ê°ì‚¬í–ˆìŠµë‹ˆë‹¤! ë³¼ê±°ë¦¬ë„ ë§Žê³  ì•„ì´ëž‘ ê¼­ ë‹¤ì‹œ ë°©ë¬¸ í•˜ê¸°ë¡œ í–ˆì–´ìš”	1
íŒë‹¤ì•¼ ë„ˆ í–‰ë³µí•˜ë‹ˆ? ì˜ˆì˜ë˜ ê³³	1
ì°¸ ì¢‹ì•˜ìŠµë‹ˆë‹¤^^	1
ê°€ê¹Œìš´ê³³ì— ì´ëŸ°ê³³ì´ ìžˆì—ˆë‹¤ë‹ˆ ì ‘ê·¼ì„±ì¢‹ê³  ì£¼ì°¨ìž¥ë„“ê³  ë‹¤ë‹ˆëŠ”ê³³ë„ ë„ì§ë„ì§í•´ì„œ ì¢‹ê³  ì„¤ëª…ë„ ìž˜ë˜ì–´ ìžˆì–´ì„œ ì¢‹ì•˜ìŠµë‹ˆë‹¤. ë‹¨ì ì€ ë„ˆë¬´ ìƒˆë¡­ê²Œ ì§€ì–´ì§„ê±°ë¼ ê³ í’ìŠ¤ëŸ°ë§›ì€ í•˜ë‚˜ë„ ì—†ì—ˆê³  ë¹„ìš©ì ì¸ë©´ë„ ì•„ì‰½ìŠµë‹ˆë‹¤. ë””ì§€í„¸ì£¼ë¯¼ì¦ì´ ì•ˆë˜ëŠ”ê²ƒë„ ë‹¨ì ì¤‘í•˜ë‚˜ìž…ë‹ˆë‹¤.	1
ë¶€ëª¨ë‹˜ ëª¨ì‹œê³  ê°”ëŠ”ë° êµ¬ê²½ê±°ë¦¬ë„ ë§Žê³  ê´€ë¦¬ë„ ìž˜ë˜ì–´ ìžˆì–´ê±° ì¢‹ì•˜ì–´ìš”~ ë‚ ì”¨ê¹Œì§€ ì¢‹ì•„ì„œ ì‚¬ì§„ë„ ìž˜ë‚˜ì™”ì–´ìš”^^	1
4ë…„ì „ì— ì™”ì—ˆëŠ”ë° ìž¬ë°©ë¬¸í•©ë‹ˆë‹¤ ì˜ˆì „ë³´ë‹¤ ê¸ˆì•¡ëŒ€ê°€ ë§Žì´ ì˜¤ë¥¸ê²ƒê°™ì•„ìš” ê·¸ëž˜ë„ ë¶€ì—¬ì˜¤ë©´ ê¼­ ë“¤ë ¤ì•¼í•©ë‹ˆë‹¤~^^	1
ë°±ì œë¬¸í™”ë‹¨ì§€ëŠ” ë„“ê³  ì˜ˆë»ìš” ì—¬ìœ ë¡­ê²Œ ížë§í•˜ë‹¤ ê°‘ë‹ˆë‹¤ ì•„ì´ë„ ì¢‹ì•„í–ˆì–´ìš”	1
ìƒê°ë³´ë‹¤ ë‚´ë¶€ê°€ ë„“ì–´ì„œ ë†€ëžì–´ìš”! ë‚ ì”¨ ì„ ì„ í• ë•Œ ê±·ê¸°ë„ ì¢‹ì„ê±°ê°™ì•„ìš”	1
ì•¼ê°„ ìœ¼ë¡œê°”ëŠ”ë° ì „ê¸°ìžì „ê±° íƒ€ê³  ë°©ë¬¸. ë’¤ìª½ì€ ê·€ì´Œ? ì²´í—˜ì´ë¼ì„œ ë‹¤ ëŒì§€ëª»í•œë‹¤. ì‹œì›í•˜ë‹ˆ ë°¤ì— ë§ˆì‹¤ì²˜ëŸ¼ ê°€ë‹ˆ ê´œì°®ì•˜ë‹¤	1
ì•„ì´ëž‘ ì—­ì‚¬ ê³µë¶€ê²¸ ë‚˜ë“¤ì´ ê°”ëŠ”ë° ì¢‹ì•˜ì–´ìš”~^^ ë°¤ë„ê¹¨ë¹„ë„ ë‚˜ë¦„ ì¦ê±°ì› ìŠµë‹ˆë‹¤	1
ì•¼ê²½ì´ ë„ˆë¬´ ë©‹ì¡Œì˜¤ìš”^^ ì—°ë‚ ë¦¬ë©° ì•„ì´ë“¤ ë„ˆë¬´ì¢‹ì•„í–ˆêµ¬ìš”~ ë‹¬ê·¸ë„¤ë„ ë‹¬ëª¨í˜•ë„ ì•„ì£¼ì¢‹ì•„í–ˆìŠµë‹ˆë‹¤ ê°€ë³ê²Œ ì‚°ì±…í•˜ê³  ì•„ì´ë“¤ ë›°ê¸° ì¢‹ì„ê±° ê°™ì•„ìš”~~	1
ì‚°ì±…í•˜ê¸° ì¢‹ì•„ìš”	1
ë°±ì œì˜ ëª¨ìŠµì´ ìž˜ ìž¬í˜„ë˜ì–´ ìžˆì–´ êµ¬ê²½í•˜ê¸° ì¢‹ì€ ìž¥ì†Œì˜€ì–´ìš”. ê·¸ëŠ˜ì´ ê±°ì˜ ì—†ì–´ ë‚®ì— ì˜¤ë©´ ë§Žì´ ë”ì›Œìš”. í‘œ íŒŒëŠ” ê³³ ì˜†ì— í•œë³µ ë¹Œë¦¬ëŠ” ê³³ë„ ìžˆë˜ë° í•œë³µ ë¹Œë ¤ìž…ê³  ì‚¬ì§„ì°ìœ¼ë©´ ë” ìž˜ ë‚˜ì˜¬ ê²ƒ ê°™ì•„ìš”. ì „ë§ëŒ€ì—ì„œ ë‚´ë ¤ë‹¤ ë³´ëŠ” ëª¨ìŠµë„ ë©‹ìžˆì—ˆì–´ìš”. ê·¸ë¦¬ê³  ì•ˆìª½ì— ìƒí™œë¬¸í™”ë§ˆì„ì€ ì˜›ë‚  ê°€ì˜¥ ëª¨ìŠµì„ ë³¼ ìˆ˜ ìžˆì–´ ì¢‹ì•˜ì–´ìš”.	1
ì „ê¸°ì–´ì°¨ ëŒ€ì—¬ì†Œ ì§ì›ë¶„ë“¤ ë„ˆë¬´ ì¹œì ˆí•˜ì…”ì„œ ê¸°ë¶„ ì¢‹ê²Œ ê´€ëžŒí•˜ê³  ì™”ìŠµë‹ˆë‹¤^^	1
ì—­ì‹œ ë°±ì œë¬¸í™”ë‹¨ì§€.. ì—„ì²­ ì•Œì°¨ê³  ë³¼ê±°ë¦¬/ì²´í—˜ê±°ë¦¬ê°€ ë‹¤ì–‘í•´ìš”. ìœ„ë¡€ê¶ ë³´ë ¤ë‹¤ ì˜ì™¸ì˜ ì² ê°‘ìƒì–´ êµ¬ê²½ë„ ì¦ê¸°ê³ , ì¸ë•ì „ ê¸°ì›ƒê±°ë¦¬ë‹¤ ì‚¬ì§„ ì´¬ì˜í•´ì£¼ì‹œê³  ê±°ê¸°ì— ë³´ì •ë„ í•´ì£¼ì‹œê³  ìº˜ë¦¬ê·¸ë¼í”¼ê¹Œì§€ ë„£ì–´ì£¼ì…”ì„œ, ê·¸ì•¼ë§ë¡œ ê¹œì§ ì„ ë¬¼ ë°›ì€ ëŠë‚Œì´ì—ìš”~~(ìš´ì´ ì¢‹ì•˜ë„¤ìš”) í•œì‹œê°„ ë°˜ ì •ë„ë©´ êµ¬ê²½ ë‹¤ í•  ìˆ˜ ìžˆìŠµë‹ˆë‹¤	1
ë‹´ì—ë˜ê°ˆê²Œìš”	1
êµ¿êµ¿ ë³¼ê±°ë¦¬ ë§Žì•„ì˜¤	1
êµ¿ ì¶”ì²œ	1
êµ¿	1
ì•¼ê°„ ì‹œê°„ ë… ë©‹ì§€ê³ ~ ë‹¬ë„ë³„ë„ ì•„ë¦„ë‹µê³  ê³µê¸°ë„ ìµœê³  í˜ˆì´Œì²´í—˜ ë„ˆë¬´ ì†Œë¦¬ì§ˆëŸ¬ ëª©ì•„í”„ê³  ë‹¤ë¦¬ë„ í›„ë“¤ê±°ë ¸ì§€ë§Œ ì™„ì „ ê¿€ìž¼^^ ë‹´ì— í•œë²ˆ ë” ê°€ê¸°ë¡œ ì•½ì†	1
êµ¿	1
ìž˜ ê´€ë¦¬ë˜ì–´ ìžˆì—ˆì–´ìš”. (ì‚°ì±…ë¡œ, ì²´í—˜, í™”ìž¥ì‹¤ ë“±) ì „ë§ëŒ€ì˜¬ë¼ê°€ë‹ˆ í•œ ëˆˆì— ë³´ì—¬ì„œ ì¢‹ë”ë¼êµ¬ìš”.	1
ë„˜ ë©‹ì° ê³³ì´ì—ìš”	1
ë°±ì œë¬¸í™”ë‹¨ì§€ ë©‹ì ¸ìš”~ ë„¤ì´ë²„ë¡œ êµ¬ë§¤í•˜ì‹œê¸¸~~	1
ë³¼ê²Œ ë§Žê³  ì‹œì„¤ë„ ê¹¨ë—	1
êµ³	1
ë‹¤ë‘¥ì´ê°€ ì ìš©ëìœ¼ë©´	0
5ì‹œì¯¤ ìž…ìž¥í•˜ë‹ˆ ì•¼ê°„ìž…ìž¥ë£Œ ë”°ë¡œ ë‚´ì§€ ì•Šê³  êµ¬ê²½í–ˆì–´ìš”	1
ì´ë²ˆ ì–´ë¦°ì´ë‚  ì—°íœ´ì— ë¶€ì—¬ ê°€ì„œ ì˜ˆì „ë¶€í„° ì™€ë³´ê³  ì‹¶ì—ˆë˜ ê³³ì¸ ë°±ì œë¬¸í™”ë‹¨ì§€ë¥¼ ë°©ë¬¸í–ˆìŠµë‹ˆë‹¤. ë„“ê³  í˜¼ìž¡í•˜ì§€ ì•Šì•„ì„œ ì‚°ì±…í•˜ë“¯ êµ¬ê²½í•˜ê¸° ë„ˆë¬´ ì¢‹ì•˜ê³  ì‚¬ë¬¼ë†€ì´ ê³µì—°ë„ ë„ˆë¬´ ì‹ ë‚¬ì–´ìš”! ì˜ìƒì²´í—˜ë„ í–ˆëŠ”ë° ì˜·ë§¤ë¬´ìƒˆë„ ìž¡ì•„ì£¼ì‹œê³  ì‚¬ì§„ë„ ì°ì–´ì£¼ì‹œê³  ë³´ì •ì€ ë¬¼ë¡  ì •ì„±ìŠ¤ëŸ° ìº˜ë¦¬ê·¸ë¼í”¼ë¡œ ê¾¸ë©°ì£¼ê¸°ê¹Œì§€ í•´ì£¼ì…”ì„œ ì™„ì „ íš¡ìž¬í•œ ê¸°ë¶„ì´ì—ˆì–´ìš” ë•ë¶„ì— ë„ˆë¬´ ì¢‹ì€ ì¶”ì–µ ë‚¨ê²¼ìŠµë‹ˆë‹¤. ê°ì‚¬í•´ìš”! ê°€ì„ì— ë˜ ê°€ë ¤ê³ ìš” 	1
ì•¼ê°„ì— ë‹¤ë…€ì™”ëŠ”ë° ìž¬ë¯¸ìžˆì—ˆìŠµë‹ˆë‹¤. ë¶€ì§€ë„ ë„“ê³  ì‚¬ì§„ì„ ì°ê¸° ì¢‹ë„¤ìš”.	1
ì˜ìƒëŒ€ì—¬ì‹¤ ì•„ì €ì”¨ ìµœê³  ë¶€ì—¬ì˜¤ì‹œë©´ ê¼­ ë“¤ë¥´ì‹œê¸¸~	1
ë³¼ê±°ë¦¬ê°€ ë§Žì•„ ì¢‹ìŠµë‹ˆë‹¤	1
ë‚ ì”¨ë„ ì¢‹ê³  í‰ì¼ì— ê°€ì„œ ì‚¬ëžŒì´ ë§Žì§€ì•Šì•„ ì¢‹ì•˜ì–´ìš” ì‚¬ë¹„ì—´ì°¨ëŠ”.. ì•„ì‰¬ì›€ì´ ë§Žì´ë‚¨ì•„ìš”	1
ì—´ì°¨íƒ€ê³  ì„¤ëª…ë“£ê³  ê°€ë³ê²Œ ì‚°ì±…í•˜ê³ , ìŒ€ê³µì–‘ë„í•˜ê³  ë“±ë„ë‹¬ê³  ë°±ì œë¬¸í™”ê¶Œ ì¦ê¸°ê¸°~~	1
ì¢‹ì•„ìš”	1
ë°©ë¬¸í–ˆì„ ë•Œ ë”ì›Œì„œê±±ì •í–ˆëŠ”ë° ì¹´íŠ¸ ëŒ€ì—¬ íŽ¸í•˜ê²Œ ê´€ëžŒí•  ìˆ˜ ìžˆì–´ ì¢‹ì•˜ì–´ìš” ì˜ìƒ ì²´í—˜í•˜ëŠ” ê³³ì—ì„œ ë³„ ê¸°ëŒ€ì—†ì´ ì¸ìƒë„¤ì»· ì°ì—ˆëŠ”ë° ì‹œì§„ ì§„ì§œ ìž˜ ë‚˜ì™”ê³ , ìº˜ë¦¬ê·¸ë¼í”¼ê°€ ì§„ì§œ ì˜ë¯¸ìžˆëŠ” ì²´í—˜ì´ì—ˆì–´ìš”!ì˜ìƒ ì°©ìš©ë„ ë„ì™€ì£¼ì‹œê³ , ì§ì ‘ ì´¬ì˜í•˜ì‹  ì‚¬ì§„ì„ ë³´ì •í•˜ë©° ìº˜ë¦¬ê·¸ë¼í”¼ë¥¼ ìž…í˜€ì£¼ì‹œëŠ”ë° í°íŠ¸ê°€ ë„ˆë¬´ ì˜ˆë»¤ì–´ìš”~!ì¢‹ì€ ë§ì”€ë„ ë§Žì´ í•´ì£¼ì…¨ëŠ”ë° ì•žìœ¼ë¡œë„ ê¸°ì–µì— ë‚¨ì„ ê²ƒ ê°™ì•„ìš”~ ê°ì‚¬í•©ë‹ˆë‹¤ ã…Žã…Žë‹¤ìŒì— ë‹¤ì‹œ ëµ™ê²Œë˜ë©´ 50ì›..ê¼­ ë“œë¦´ê²Œìš” ã…Žã…Žã…Žã…Žã…Žã…Ž	1
ë‚®ë¶€í„° ë°¤ê¹Œì§€ ì•Œì°¨ê²Œ ë†€ì•˜ì–´ìš”	1
ì§‘ì‚¬ëžŒê³¼ ë¶€ì—¬ ì—¬í–‰ì¤‘ ë°±ì œë¬¸í™”ë‹¨ì§€ ë“¤ë €ì–´ìš”. ì—„ì²­ë‚˜ê²Œ ë„“ë„¤ìš”. ì—¬ê¸°ì €ê¸° ë‘˜ëŸ¬ ë³¼ë•Œê°€ ë§Žë„¤ìš”. ì‰¬ì—„ì‰¬ì—„ ì‚¬ì§„ ì°ìœ¼ë©´ì„œ ë‘˜ëŸ¬ë³´ë‹ˆ ë‘ì‹œê°„ì´ ê¸ˆë°© ì§€ë‚˜ê°€ë„¤ìš”. ã…Ž ì‚°ì±…í•˜ê¸° ì¢‹ë„¤ìš”.	1
ìž¬ë¯¸ìžˆì–´ìš”. ê°€ì¡±ê³¼ í•¨ê»˜ ë‚˜ë“¤ì´ ì˜¤ê¸° ì¢‹ì•„ìš”	1
ë„ˆë¬´ ìž¬ë¯¸ìžˆëŠ” ì¶”ì–µì„ ìŒ“ì„ ìˆ˜ ìžˆì—ˆì–´ìš”. ë„“ê³  ìž¬ë¯¸ìžˆë„¤ìš”	1
ë„ˆë¬´ í–‰ë³µí•˜ê³  ìž¬ë¯¸ìžˆëŠ” ì‹œê°„ì„ ë§Žì´ ìŒ“ì„ ìˆ˜ ìžˆì—ˆìŠµë‹ˆë‹¤ :)	1
ë„ˆë¬´ ì¢‹ì—ˆì–´ìš”:) ê°€ì¡±ê³¼ í•¨ê»˜ ë‚˜ë“¤ì´ê°€ê¸° ì¢‹ì•„ìš”	1
ì•¼ê²½ì´ ë„ˆë¬´ ì˜ˆë»ìš”!!!!!! ë¶€ì—¬ë¦¬ì¡°íŠ¸ ë¨¸ë¬´ë¥´ì‹œë©´ ê¼­ ê°€ë³´ì„¸ìš¤!!!!!!!! ì•¼ê²½ ê°•ì¶”~	1
ë°±ì œë¬¸í™”ë‹¨ì§€ê°€ ê¶ê¸ˆí•´ì„œ ì°¾ì•„ì™”ì–´ìš”, ìƒê°ë³´ë‹¤ ë„ˆë¬´ ë„“ì–´ê°€ì§€ê³  ë‹¤ë‹ë•Œ íž˜ë“¤ì—ˆì§€ë§Œ.. ã…‹ã…‹ã…‹ ê±°ëŒ€í•œ ê·œëª¨ì— ë°±ì œì‹œëŒ€ ì‚¬ëžŒë“¤ì€ ì–´ë• ì„ê¹Œ ìƒìƒí•˜ëŠ” ìž¬ë¯¸ê°€ ìžˆì—ˆìŠµë‹ˆë‹¤ã…‹ã…‹	1
ë·°ë„ ë„“ê³  ì¢‹ë„¤ìš”.	1
ì•¼ê°„ì— ê´€ëžŒí—¸ë”ë‹ˆ ì—¬ìœ ìžˆê²Œ ì•¼ê²½ë³´ê¸° ì¢‹ìŠµë‹ˆë‹¤.	1
ê·œëª¨ê°€ ì»¤ìš” ìž…ìž¥ë£Œì—ë¹„í•´ ë³¼ê²ƒì´ ë³„ë£¨ì—†ì–´ìš” ì•¼ê°„ì—ëŠ” ì•¼ê²½ë³´ëŸ¬ ì˜¤ëŠ”ë° ë„ˆë¬´ ì–´ë‘ì›Œì„œ ìž˜ì•ˆë³´ì—¬ìš” ì¡°ê¸ˆë” ë°ê²Œ í–ˆìŒ ì¢‹ê² ì–´ìš” íŽ¸ì˜ì‹œì„¤ì´ ë³„ë£¨ì—†ì–´ìš” ìž…ìž¥ë£Œê°€ ë„ˆë¬´ë¹„ì‹¸ìš”	0
ì•¼ê²½ì´ ë„ˆë¬´ë„ˆë¬´ ì˜ˆë»ìš”:)ìš”ì¦˜ê°™ì€ ë‚ ì”¨ì— ì‚°ì±…í•˜ê¸° ë”± ì¢‹ì•„ìš”~ë‚®ì—ë„ ì˜ˆì˜ê² ì§€ë§Œ ë°¤ì— ë³´ë‹ˆ ë¶„ìœ„ê¸°ê°€ ë”ìš± ì¢‹ì€ ê²ƒ ê°™ì•„ìš”!	1
ì£¼ì°¨ë„ ìµœê³  ì •ë§ ë©‹ì§„ê³³ì´ì—ìš” ë”ìš± í¥í–ˆìœ¼ë©´ ì¢‹ê² ì–´ìš”~!	1
ë¶€ì—¬ ë‹¤ë¥¸ì§€ì—­ ë°•ë¬¼ê´€ì€ ë¬´ë£Œìž…ìž¥ì´ì§€ë§Œ ì—¬ê¸°ëŠ” ìœ ë£Œì¸ë° ì‹œì„¤ì— ë¹„í•´ ì¢€ ë¹„ì‹¼íŽ¸. 2~3ì²œì›ì •ë„ê°€ ì ë‹¹í•  ë“¯.	0
ë°¤ì—ë„ ì¡°ëª…ì´ ìž˜ë˜ì–´ ìžˆì–´ì„œ ë³´ê¸° ì¢‹ìŠµë‹ˆë‹¤. í• ê²ƒë„ ë§Žê³  íŠ¹ížˆ ì£¼ì°¨ê°€ ë§¤ìš° íŽ¸í–ˆìŠµë‹ˆë‹¤. ì €ë…ì‹œê°„ ì£¼ì°¨ëŠ” ë¬´ë£Œì´êµ¬ìš” ë°¤ì— ì§„í–‰í•˜ëŠ” ê³µí¬ ì¶”ë¦¬ ë°©íƒˆì¶œ ê·¸ê²ƒë„ ìž¬ë°Œì–´ìš”. ë¬´ì„œì›Œìš”. ì• ê¸°ëž‘ì€ ëª»í• ê±° ê°™ê³ , ì´ˆë“± ê³ í•™ë…„~ ë¶€í„° ê°™ì´ í•˜ì‹œë©´ ì¢‹ì„ê±° ê°™ìŠµë‹ˆë‹¤. ì¢€ ë¬´ì„œì›Œìš” ë¶„ìœ„ê¸°ë„ ìž˜í•´ë†¨ê³ . ìž¬ë°Œì—ˆìŠµë‹ˆë‹¤!	1
ë³¼ê±°ë¦¬ê°€ ë§Žì•„ìš”~	1
ì¢‹ì•„ìš”	1
êµ¿	1
ë°±ì œì˜ ë¬¸í™” ì‹œê°„ì—¬í–‰	1
ë¹„ê°€ ì™”ì§€ë§Œ ì•„ì´ëž‘ ë†€ê¸° ì¢‹ì•˜ì–´ìš”^^!	1
ë³¼ê±°ë¦¬, ì²´í—˜ ë“± ë§Žì•„ì„œ ì¢‹ì•˜ì–´ìš” ^^	1
ë°±ì œë¬¸í™”ë‹¨ì§€ ë©‹ì ¸ìš”~	1
ì°¸ ì¢‹ë„¤ìš”~ ë‚ ì”¨ë„ ì¢‹ê³ ~ ì•„ì´ë“¤ë„ ì¢‹ì•„í•˜êµ¬ìš”~	1
ì•¼ê°„ ìž…ìž¥ìœ¼ë¡œ ë‹¤ë…€ì™”ëŠ”ë° ë‚ ì”¨ë„ ì‹œì›í•˜ê³  ì¢‹ì•—ìŠµë‹ˆë‹¤!! ë„“ì–´ì„œ ë‹¤ ëª»ë´£ì§€ë§Œ ë‹´ì— ë˜ ê°ˆê²Œìš”!	1
ë„“ê³  ì¡°ìš©í•˜ê³  ì¢‹ì•„ìš”	1
êµ¿	1
ìž…ìž¥ë£Œ ê°€ê²©ì´ ìŽˆ íŽ¸ì¸ë° ë“¤ì–´ê°€ë³´ë‹ˆ ì •ë§ ì¢‹ì•˜ìŠµë‹ˆë‹¤! ê°œì¸ì‚¬ì •ìƒ ì˜¤ëž˜ êµ¬ê²½ì„ ëª»í•´ì„œ ì•„ì‰¬ìš¸ ì •ë„ë¡œ ì •ë§ ê¹”ë”í•˜ê²Œ ê´€ë¦¬ê°€ ìž˜ ë˜ì–´ìžˆê³  ë„ˆë¬´ ë©‹ì§„ ê³³ìž…ë‹ˆë‹¤. ë‚´ë¶€ê°€ ì›Œë‚™ ë„“ì–´ì„œ ì „ê¸°ìžì „ê±° ëŒ€ì—¬í•´ì„œ ë‹¤ë‹ˆì‹œëŠ” ë¶„ë“¤ì´ ë§ŽìŠµë‹ˆë‹¤. ë‚ ì´ ë”ìš°ë©´ ëŒì•„ë‹¤ë‹ˆê¸° ì–´ë ¤ìš¸ ê²ƒ ê°™ê³  ì•¼ê°„ê°œìž¥ë„ í•˜ê³  ìžˆìœ¼ë‹ˆ í•´ì§ˆë…˜ì— ë“¤ì–´ê°€ì„œ ë³´ê¸° ì •ë§ ì¢‹ì•„ìš”!	1
ì¢‹ì•„ìš”	1
ì‚¬ëžŒë„ ë¶ë¹„ì§€ ì•Šê³  1ì‹œê°„ë°˜ì •ë„ ëŠê¸‹í•˜ê²Œ êµ¬ê²½í•˜ê³  ë‹¤ë…”ë„¤ìš”	1
ì„¸ë²ˆì§¸ ë°©ë¬¸ì¸ë° ì—¬ì „ížˆ ê´€ë¦¬ ìž˜ ë˜ì–´ ìžˆê³ ìš”, ë” ì´ë»ì§„ ê±° ê°™ì•„ìš”. ì¡°ê¸ˆë” ì½˜í…ì¸ ê°€ í’ì„±í•˜ë©´ ì¢‹ê² ìœ¼ë‚˜ ë§Œì¡±í•©ë‹ˆë‹¤.ë°¤ë„ê¹¨ë¹„ ì°¾ëŠ”ê²ƒë„ ìž¬ë¯¸ë‚¬ì–´ìš” ã…Žã…Ž	1
ê¸°ì°¨íƒ€ë©´ì„œ ë°±ì œ ì„¤ëª…ë“£ëŠ”ë° ìž¬ë¯¸ìžˆì—ˆì–´ìš” ì•¼ê²½ë„ ì¢‹ê³  ì•„ì´ê°€ ë„ˆë¬´ ìž¬ë¯¸ìžˆì–´í–ˆì–´ìš”í•´ì„¤ìžë¶„ ì„¤ëª… ë„ˆë¬´ ì¢‹ì•˜ì–´ìš”	1
ì‚¬ì§„ ì°ê¸° ì¢‹ì•„ìš”	1
ë¶€ì—¬ ì—¬í–‰ìœ¼ë¡œ ë°©ë¬¸í–ˆëŠ”ë° ëŠ¦ì€ ì‹œê°„ ë°©ë¬¸ì´ë¼ ì•„ì´ ì²´í—˜ í™œë™ì´ í• ê²Œ ê±°ì˜ ì—†ë„¤ìš”ã… ã…  ì˜¤í›„ 6ì‹œ ì´í›„ ì•¼ê°„ì—ëŠ” ë°¤ë„ê¹¨ë¹„ë¼ëŠ” ìŠ¤íƒ¬í”„ ì°ëŠ” í™œë™ ë“¤ë„ ìžˆëŠ”ë° ë­”ê°€ ì¢€ ì˜ˆìƒí–ˆë˜ ê²ƒ ë³´ë‹¤ ë§Žì´ ë¹ˆì•½í•˜ë„¤ìš”. ë„ˆë¬´ ì–´ë¦° ìžë…€ë“¤ ë°ë¦¬ê³  ì˜¤ì‹œëŠ” ë¶„ë“¤ì€ ì •í–¥ë¬¸ ê·¼ì²˜ì—ì„œ ì „ê¸°ì–´ì°¨ë¼ëŠ” ì „ê¸° ìžì „ê±° ë¹Œë ¤ì„œ ê²½ë‚´ êµ¬ê²½í•˜ì‹œë©´ ì¢€ ë‚˜ìœ¼ì‹ ë° 30ë¶„ì— 18,000ì›ìœ¼ë¡œ ê°€ê²©ì´ ì¢€ ì‚¬ì•…í•˜ë„¤ìš”. ë°±ì œ ë¬¸í™”ìž¬ë¥¼ ë³µì›í–ˆë‹¤ê³  í•˜ëŠ”ë° ë³„ë¡œ ë³¼ ê±´ ì—†ë„¤ìš”. ë¯¼ì†ì´Œ ê°™ì€ ê³³ ê·¼ì²˜ì— 5~6ê°€ì§€ ë™ë¬¼ë“¤ ìžˆì–´ì„œ ë™ë¬¼ ë¨¹ì´ ì£¼ê¸° ì²´í—˜í•˜ê³  ì •í–¥ë¬¸ ê·¼ì²˜ì—ì„œ ì¡°ê¸ˆ ë“¤ì–´ì˜¤ë©´ ìœ·ë†€ì´,ë¹„ëˆ—ë°©ìš¸, ìž¬ê¸°ì°¨ê¸°, êµ°ë ì‡  ë†€ì´ í•  ìˆ˜ ìžˆëŠ” ë„êµ¬ë“¤ ìžˆì–´ì„œ ì¡°ê¸ˆ ë†€ ìˆ˜ ìžˆì–´ìš”~	0
ë°±ì œ ë¬¸í™”ê±°ë¦¬ í•œë²ˆê¼­ê°€ë³´ì‹¤ê²ƒ ì¶”ì²œë“œë¦½ë‹ˆë‹¤	1
ì—¬í–‰ì™€ì„œ ë¦¬ì¡°íŠ¸ì—ì„œ ë¬µì—ˆëŠ”ë°ìš” ë¦¬ì¡°íŠ¸ëž‘ ê°€ê¹ê³  ì•„ì´ê°€ ë„ˆë¬´ ì¢‹ì•„í–ˆì–´ìš” ë„“ì–´ì„œ ì• ë“¤ ë›°ì–´ ë†€ê¸° ì¢‹ì•˜ì–´	1
ì¢‹ì•˜ì–´ìš”~ì¤‘ê°„ì— ëª» ì§€ë‚˜ê°€ê²Œ/ë“¤ì–´ê°€ê²Œ ë§‰í˜€ìžˆëŠ” ê³³ë“¤ë„ ìžˆì–´ìš”~ ì—´ì°¨ëŠ” 7ì‹œì´í›„ë¡œë„ ìžˆì—ˆì–´ìš” í™•ì¸í•˜ì‹œêµ¬ ì´ìš©í•˜ì‹¬ ì¢‹ì„ê±° ê°™ì–´ìš” ë„“ì–´ì„œ ë§Žì´ ê±¸ì–´ì•¼ í•´ìš”	1
ë‚ ì”¨ê°€ ì¢‹ì•„ì„œ ë” ì¢‹ì€ ê´€ëžŒì´ì—ˆìŠµë‹ˆë‹¤	1
ì§€ë‚œë²ˆì— ë¶€ì—¬ì˜ ë°©ë¬¸í–ˆì„ ë•Œ íœ´ê´€ ì¼ì— ì™€ì„œ ì‚¬ì „ íˆ¬í‘œ í•˜ê³  ë°±ì œë¬¸í™”ë‹¨ì§€ ë°©ë¬¸ í•˜ì˜€ìŠµë‹ˆë‹¤ ë¶€ì—¬ ë¡¯ë°ë¦¬ì¡°íŠ¸ ì˜ˆì•½í•œ ìƒíƒœë¼ í• ì¸ì´ ì¡°ê¸ˆ ë˜ì—ˆìŠµë‹ˆë‹¤(5000ì› / ë„¤ì´ë²„ ì˜ˆì•½ë³´ë‹¤ ë¡¯ë°ë¦¬ì¡°íŠ¸ ê°€ ì €ë ´ í•˜ë‹¤ê³  í•´ì£¼ì…¨ìŠµë‹ˆë‹¤) ì´ˆë“±í•™ìƒì€ ì†Œì¸ìœ¼ë¡œ ë°˜ê°’ìœ¼ë¡œ ìž…ìž¥ì´ ê°€ëŠ¥í•©ë‹ˆë‹¤ í‚¥ë³´ë“œ ë°˜ìž…ì€ ì•ˆ ë©ë‹ˆë‹¤ ë‚´ë¶€ê°€ ë„“ê³  ê·¸ëŠ˜ì´ ë§Žì´ ì—†ì–´ í•œ ì—¬ë¦„ì—ëŠ” ì¶”ì²œí•˜ì§€ ì•ŠìŠµë‹ˆë‹¤ ìž…ìž¥ ë°”ë¡œ í•˜ë©´ ì „ê¸° ìžì „ê±° ëŒ€ì—¬ì†Œê°€ ìžˆëŠ”ë° ì›Œë‚™ ë¶€ì§€ê°€ ë„“ì–´ ì–´ë¥´ì‹ ì´ë‚˜ ìž„ì‚°ë¶€ ê°“ë‚œ ì•„ì´ëž‘ ê°€ë©´ ë¹Œë¦´ ë§Œí•œ ê²ƒ ê°™ìŠµë‹ˆë‹¤	1
êµ¿	1
í˜¼ìž ëŒì•„ë³´ë‹¤ê°€ ë¬´ë£Œ ì˜ìƒ ì²´í—˜ í•˜ëŸ¬ ë“¤ì–´ê°”ì–´ìš”. ì˜ìƒì²´í—˜ ë‹´ë‹¹ ì§ì› ë¶„ì´ ì˜· ì¶”ì²œí•´ì£¼ì‹œê³  ì ê·¹ì ìœ¼ë¡œ ì‚¬ì§„ë„ ì°ì–´ì£¼ì…¨ì–´ìš”. ì‚¬ì§„ ì°ê³  ëë‚˜ëŠ” ì¤„ ì•Œì•˜ëŠ”ë° ìž ì‹œë§Œ ê¸°ë‹¤ë ¤ ë‹¬ë¼ê³  í•˜ì‹œë”ë‹ˆ ì‚¬ì§„ì„ ì˜ˆìˆ  ì•¡ìžì²˜ëŸ¼ ë§Œë“¤ì–´ì£¼ì…¨ì–´ìš”. ì–¼êµ´ ë³´ì •ì´ëž‘ í…Œë‘ë¦¬ ë³´ì • ì˜ˆì˜ê²Œ í•´ì£¼ì…”ì„œ ê°ì‚¬í•©ë‹ˆë‹¤. ì˜ìƒì²´í—˜ ê¼­ í•´ë³´ì„¸ìš”~~	1
ì¢‹ì•„ìš”~~	1
ë„ˆë¬´ì•Œì°¨ê³  ì²´í—˜í•˜ê¸° ì¢‹ì•„ìš”.ë²šê½ƒì´ ì§€ê¸ˆ ë„ˆë¬´ ì˜ˆë»ìš”.	1
ë¬¸í™”ë‹¨ì§€ê°€ ìž˜ ì¡°ì„±ì´ ë˜ì–´ ìžˆì–´ì„œ ì• ë“¤í•˜ê³  ë°©ë¬¸í•˜ê¸° ì¢‹ìœ¼ë©´ ë¡¯ë°ë¦¬ì¡°íŠ¸ ìˆ™ë°•í•˜ì‹œëŠ”ë¶„ë“¤ì€ í• ì¸ë„ í•´ì£¼ì–´ì„œ ì¢‹ìŠµë‹ˆë‹¤	1
ê½¤ ë„“ì–´ìš”. ë³¼ê±°ë¦¬ê°€ ë§Žì•„ì„œ ê°€ì¡±ë¼ë¦¬ ë°©ë¬¸í•´ë„ ì¢‹ì„ ê²ƒ ê°™ì•„ìš”. ë°•ë¬¼ê´€ë„ ìžˆê³  ë‹¤ì–‘í•œ ì²´í—˜ê±°ë¦¬ë„ ìžˆì–´ìš”.	1
ì¢‹ì•„ìš” ë³¼ê±°ë¦¬ë„ ë§Žê³  ìž¬ë°Œì—ˆì–´ìš”	1
ê³ ì¦ˆë„‰í•˜ë‚˜ ë”±ížˆ ë³¼ê±´ ì—†ë‹¤ã…œã…œ	0
ë‚ ì”¨ë„ ì¢‹ê³  ì•„ì´ë“¤ê³¼ ê°€ë©´ ì¢‹ì„ë“¯ìš”~^^	1
ë„ˆë¬´ ë©‹ì ¸ì—¬	1
ì¢‹ì•„ìš”	1
ë„ˆë¬´ ìž¬ë°ŒëŠ”ê³³!! ë³¼ê±°ë¦¬ë„ ë§Žê³  ê¹”ë”í•˜ê³  ì¢‹ì•„ìš”!	1
ì¢‹ì•„ìš”	1
í•œë³µê¹Œì§€ ëŒ€ì—¬í•˜ëŠ”ë° ì €ë ´í•©ë‹ˆë‹¤ í‰ì¼ë°©ë¬¸ì´ë¼ ì‚¬ëžŒë„ ê±°ì˜ ì—†ê³  ë„“ì€ë° ì‹œì„¤ë“¤ë„ ìž˜ ê´€ë¦¬ë˜ì–´ìžˆì–´ êµ¬ê²½í•˜ê¸° ì¢‹ì•„ìš” ê³³ê³³ì— ì „í†µë†€ì´ ì²´í—˜ë„ ìžˆì–´ì„œ ì§€ë£¨í•˜ì§€ ì•ŠìŠµë‹ˆë‹¤ í•œë³µëŒ€ì—¬í•´ì„œ ì‚¬ì§„ ì°ëŠ” ê±° ì™„ì „ ì¶”ì²œì´ë„¤ìš” ëŒ€ì—¬í•˜ëŠ”ê³³ ì‚¬ìž¥ë‹˜ê»˜ì„œë„ ì¹œì ˆí•˜ê²Œ ìž˜ ê³¨ë¼ì£¼ì‹œê³  ì•ˆë‚´í•´ì£¼ì…”ì„œ íŽ¸í•˜ê²Œ ìž…ê³  ë‹¤ë‹ ìˆ˜ ìžˆì—ˆì–´ìš” ë¬¸í™”ë‹¨ì§€ ë‚´ì—ì„œ ë‹¤ë¥¸ ê´€ê´‘ê°ë¶„ë“¤ì´ í•œë³µ ë„ˆë¬´ ìž˜ ìž…ì€ ê±° ê°™ë‹¤ê³  í•˜ì‹¬ã…Žã…Žë¶€ì—¬ ê°€ì‹ ë‹¤ë©´ ë°±ì œë¬¸í™”ë‹¨ì§€ ì™„ì „ ì¶”ì²œì½”ìŠ¤ìž…ë‹ˆë‹¤!	1
ì²œì²œížˆ ê±¸ìœ¼ë©´ì„œ ë‘˜ëŸ¬ë³´ë‹ˆ ì¢‹ì•„ìš”. ì¼ìš”ì¼ ëŠ¦ì€ ì‹œê°„ì´ë¼ ê·¸ëŸ°ì§€ ì‚¬ëžŒë„ ê·¸ë¦¬ ë§Žì§€ ì•Šì•„ì„œ ì¡°ìš©í•˜ê³  ì¢‹ì•˜ì–´ìš”.	1
ì•„ì´ë“¤ê³¼ ë›°ì–´ ë†€ê¸° ì¢‹ì•„ìš”	1
ì•„ì´ì™€ ê°€ëŠ”ê±° ì •ë§ ì¢‹ì•„ìš”~	1
ì²´í—˜ í”„ë¡œê·¸ëž¨ë„ ë§Žê³ , ë³¼ê±°ë¦¬ë„ ë§Žì•„ì„œ ì¢‹ì€ì‹œê°„ ë³´ë‚´ê³  ê°‘ë‹ˆë‹¤ ë¬´ë£Œì˜ìƒì²´í—˜ ì§ì›ë¶„ë„ ì¹œì ˆí•˜ì‹œê³ , ìž¬ë°Œê²Œ ë³´ë‚´ê³  ê°‘ë‹ˆë‹¤	1
ë´„ë‚˜ë“¤ì´ ì¢‹ì•˜ì–´ìš”~	1
êµ¿êµ¿ ê°€ê¹Œì´ì— ë¡¯ë°ì•„ìš¸ë ›ê³¼ ë¦¬ì¡°íŠ¸ê°€ ìžˆì—ˆìš” ê½ƒì´ í”¼ì—ˆë‹¤ë©´ ë” ì•„ë¦„ë‹µì§€ ì•Šì•˜ì„ê¹Œ.. í•˜ëŠ” ì•„ì‰¬ì›€ì´ ìžˆì—ˆë„¤ìš”	0
ë°±ì œë¬¸í™”ë‹¨ì§€! ì •ë§ ë„“ê³  ë³¼ê±°ë¦¬ë„ ë§Žì•„ìš”~ ì§ì› ë¶„ë“¤ì´ ì¹œì ˆí•˜ì‹œê³  ì‹œì„¤ë¬¼ ê´€ë¦¬ë„ ìž˜ ë˜ì–´ ìžˆì–´ì„œ ì¢‹ì•˜ìŠµë‹ˆë‹¤^^ ìš°ì²œ ì‹œ ìš°ì‚°ë„ ë¬´ë£Œë¡œ ëŒ€ì—¬ ê°€ëŠ¥í•©ë‹ˆë‹¤!	1
ì¢‹ì•„ìš”	1
ì¢‹ì•„ìš”	1
ë¶€ì—¬ì—¬í–‰ì¤‘ ê°ˆë§Œí•œê³³ ê²€ìƒ‰í•´ë³´ê³  ì¢‹ë‹¤ê³  í•´ì„œ ë°©ë¬¸í•¨. ì‚¬ì§„ì°ì„ê³³ë„ ë§Žê³  ì‚¬ë¹„ì„± ìœ„ë¡€ì„±êµ¬ê²½ ì‹ ê¸°í–ˆìŒ. ì†Œì†Œí•œ ì²´í—˜ê±°ë¦¬ë¥¼ ì•„ì´ê°€ ì¢‹ì•„í–ˆìŒ. ê½ƒí•„ë•Œì˜¤ë©´ ë” ì˜ˆì ë“¯í•¨.ë¶€ì—¬ì—¬í–‰ì¤‘ ìž…ìž¥ë£Œê°€ ê°€ìž¥ ë¹„ì‹¼ê³³ì´ì—ˆìŒ. ë„¤ì´ë²„ì˜ˆì•½ì‹œ ì¢€ë” ì €ë ´í•¨.	1
ì•„ì´ì™€ í•¨ê»˜ ë‘˜ëŸ¬ë³´ê¸° ì¢‹ì•„ìš”~ ë°±ë³´ì—´ ì°¸ê°€í–ˆë”ë‹ˆ ìŠ¤íƒ¬í”„ë„ ì°ê³  í€´ì¦ˆë„ í’€ì–´ê°€ë©° ì¦ê²ê²Œ ë‹¤ë…”ì–´ìš”~ ë°±ì œ ì—­ì‚¬ ê´€ë ¨ ì˜ìƒë³¼ ìˆ˜ ìžˆëŠ” ê³³ì´ êµ°ë°êµ°ë° ìžˆëŠ”ë° ì™¸ì§€ê³  ì–´ë‘ì›Œì„œ ë¬´ì„œì› ë„¤ìš”;; ê°œì„ ë˜ë©´ ì¢‹ì„ ê²ƒê°™ì•„ìš”!!	1
ì¢‹ì•„ìš”	1
êµ¿	1
ë³¼ê±°ë¦¬ê°€ ì ì€ê²ƒ ê°™ì•„ìš” ê´€ë¦¬ëŠ” ìž˜ë˜ì–´ìžˆì–´ìš©	0
ê±·ê¸° ì¢‹ì•˜ì–´ìš”	1
êµ¿	1
ì¹œì ˆí•´ìš”	1
êµ¬ê²½í•˜ê¸° ì¢‹ì•„ìš”!	1
ë¶€ì—¬ ê°€ì„œ ë°±ì œë¬¸í™”ë‹¨ì§€ ë°©ë¬¸ í–ˆìŠµë‹ˆë‹¤ ìž…ìž¥ë£ŒëŠ” ì¡°ê¸ˆ ë¹„ì‹¸ë‹¤ ìƒê° ë“¤ì§€ë§Œ ê¹”ë” í•˜ê³  í™”ìž¥ì‹¤ë„ ê¹¨ë—í•´ìš” ë¶€ì—¬ ì™€ì„œ ê´€ê´‘ì§€ë¡œ ì˜¤ê¸° ì¢‹ì€ê²ƒ ê°™ì•„ìš”	1
í‰ì¼ì´ë¼ ì‚¬ëžŒì´ ë„ˆë¬´ ì—†ì–´ì„œ ì¢€ íœ‘í•˜ê²Œ ëŠê»´ì§	0
ì•„ìš¸ë › ë°”ë¡œ ì˜†ì— ë¬¸í™”ë‹¨ì§€ê°€ ìžˆì–´ì„œ ì¢‹ì•˜ì–´ìš”^^ ì•„ì´ë“¤ê³¼ í•¨ê»˜ ì¢…ì¢… ì´ìš©í•  ê²ƒ ê°™ì•„ìš”. ë‹¤ìžë…€ëŠ” 50% í• ì¸ë„ ëœë‹¤ë‹ˆ 	1
ì¢‹ì•„ìš”	1
ì •ë§ ë©‹ì§„ ê³³ì´ì—ˆë„¤ìš” í‰ì¼ì´ë¼ ì‚¬ëžŒì´ ë§Žì´ ì—†ì—ˆëŠ”ë° ì´ë ‡ê²Œ ì—†ëŠ” ê²Œ ì´ìƒí•  ì •ë„ë¡œ ê´€ë¦¬ë„ ìž˜ ë¼ìžˆê³  ë‹¤ë‹ˆê¸° ë„ˆë¬´ ì¢‹ì•˜ì–´ìš”! í™”ìž¥ì‹¤ì— ë”°ëœ»í•œ ë¬¼ ë‚˜ì™€ì„œ ê°ë™ã… ã… 	1
ë°±ì œì˜ ê±´ì¶• ì–‘ì‹ê³¼ ë¬¸í™”ë¥¼ ë³¼ ìˆ˜ ìžˆê³  ë‹¨ì§€ê°€ ê½¤ ë„“ì–´ ì‚°ì±…í•˜ê¸°ë„ ì¢‹ì•„ìš”. ì•„ì¹¨ ì¼ì° ë°©ë¬¸í•˜ë©´ ì‚¬ëžŒë„ ë§Žì§€ ì•Šì•„ ì¡°ìš©í•˜ê²Œ ì¦ê¸¸ ìˆ˜ ìžˆì–´ìš”.	1
ë¹„ê°€ ì˜¤ê³  ì¶”ìš´ë‚ ì´ì˜€ì§€ë§Œ ë„ˆë¬´ ì¦ê±°ì› ìŠµë‹ˆë‹¤ ëª¨ë‘ ì¹œì ˆí•˜ì…”ì„œ ë„ˆë¬´ ì¢‹ì•˜ì–´ìš” ìƒê°ë³´ë‹¤ ì»¤ì„œ êµ¬ì„êµ¬ì„ ë³´ê³  ì‹¶ìœ¼ë©´ ì‹œê°„ì„ ë„‰ë„‰ìž¡ì•„ì„œ ë°©ë¬¸í•´ì•¼í• ê±° ê°™ì•„ìš”	1
ë°±ì œë¬¸í™”ë‹¨ì§€ ì¢‹ì•„ìš”~	1
êµ¿	1
ìž¬ë°Œê³  ìœ ìµí–ˆì–´ìš” ë°±ì œ ì²´í—˜	1
êµ³	1
ë°±ì œì—­ì‚¬ êµìœ¡í•˜ê¸°ì—ëŠ” ì´ë§Œí•œ ê³³ì´ ì—†ìŒ ê³µì£¼ ë¬´ë ¹ì™•ë¦‰ê³¼ ê°™ì´ ê°€ë³´ì‹œë©´ ì¢‹ì•„ìš”	1
ë°±ì œë¬¸í™”ë¥¼ ìž˜ ì•Œìˆ˜ ìžˆê²Œ ì „ì‹œ ë˜ì–´ ìžˆì–´ìš”	1
ë¶€ì—¬ì—¬í–‰ ì™”ë‹¤ê°€ ë“¤ë €ìŠµë‹ˆë‹¤ ì˜¤ê¸¸ìž˜í•œê±°ê°™ê³  ë³¼ê±°ë¦¬ë„ ê´œì°®ê³  ì¢‹ì€ ì¶”ì–µ ë‚¨ê¸°ê³  ê°‘ë‹ˆë‹¤	1
ì•„ì´ë“¤ê³¼ ì—¬í–‰ê°€ì„œ ì¦ê²ê²Œ êµ¬ê²½í•˜ê³  ì™”ì–´ìš”.	1
ìž‘ë…„ì— ê°”ë‹¤ê°€ ì´ë²ˆë…„ë„ì—ë„ ë˜ ë°©ë¬¸í–ˆìŠµë‹ˆë‹¤~ ì¶”ì› ì§€ë§Œ í•œì í•˜ë‹ˆ ì¢‹ì•˜ì–´ìš”	1
ë„˜ë„˜ ì¢‹ì€ ì‹œê°„ ë³´ëƒˆì–´ìš”~~! í•œë³µ ë¹Œë¦¬ì‹¤ë•Œ ì¡°ì„  í•œë³µ ë§ê³  í”í•˜ì§€ì•Šì€ ë°±ì œí•œë³µ ë¹Œë¦¬ì„¸ìš”!ã…Žã…Ž ì˜ˆì˜ê³  íŽ¸í–ˆì–´ìš”	1
êµ¿	1
ë¯¼ì†í–‰ì‚¬?ê°€ ìžˆì–´ì„œ ì—°ë†€ì´ë„ ì¦ê¸¸ìˆ˜ ìžˆì–´ìš”.	1
ê´€ê´‘í›„ì— ë§ˆë‹¹ì—ì„œ ë¹„ëˆ—ë°©ìš¸ë†€ì´ë„ í•˜ê³  ì—°ë„ ë‚ ë¦¬ê³  ì¦ê±°ìš´ ì‹œê°„ì´ì—ˆìŠµë‹ˆë‹¤ ì˜ì™¸ë¡œ ì²´í—˜ì´ ë‹¤ì±„ë¡­ìŠµë‹ˆë‹¤ ì „ê¸° ì–´ì°¨ íƒ€ê³  ë‹¤ë…€ì„œ 1ì‹œê°„ë§Œì— ëŒê³  ë‚˜ì™”ëŠ”ë° ì•„ë‹ˆì—ˆìŒ 2ì‹œê°„ë„ ë„˜ì„ ê²ƒ ê°™ì•„ìš” 9000ì› í‘œëŠ” ì´ˆë”©ì•„ì´ë“¤ ë¯¸ì…˜ì§€ ì£¼ê³  ì„ ë¬¼ ì£¼ëŠ” í‘œìž…ë‹ˆë‹¤	1
ì²´í—˜í•  ê²ƒë„ ë§Žê³  ë¬´ì—‡ë³´ë‹¤ ì•„ì´ê°€ ë„ˆë¬´ ì¢‹ì•„í•˜ë„¤ìš” ê¼­ ìž¬ìž¬ìž¬ë°©ë¬¸ í•˜ê² ìŠµë‹ˆë‹¹	1
ë‹¤ì–‘í•œ ì²´í—˜í™œë™ì„ í•  ìˆ˜ ìžˆì–´ì„œ ì¢‹ì•˜ë‹¤^~^	1
ê¸°ëŒ€ ì´ìƒìœ¼ë¡œ ëœ»ê¹Šì€ ì‹œê°„ ê°€ì¡±ê³¼ í•¨ê»˜ ë³´ëƒˆìŠµë‹ˆë‹¤. ë°±ì œì˜ ì–¼ì„ ëŠë‚„ ìˆ˜ ìžˆì—ˆê³  ì „í†µì˜ìƒì²´í—˜ì„ í†µí•´ ê·¸ ì‹œëŒ€ì˜ í•œ ì‚¬ëžŒìœ¼ë¡œ ë¶„í•´ë³´ê¸°ë„ í–ˆë‹µë‹ˆë‹¤. íŠ¹ížˆ ì˜ìƒë¿ ì•„ë‹ˆë¼ ì—¬ëŸ¬ê°€ì§€ ì¹œì ˆížˆ ì„¤ëª…í•´ì£¼ì…¨ë˜ ì²´í—˜ë‹´ë‹¹ê´€ë‹˜ ê°ì‚¬ë“œë¦½ë‹ˆë‹¤~	1
ë°•ë¬¼ê´€ë§Œ ë‘˜ëŸ¬ë´¤ëŸ¬ìš”	1
ì¡°ìš©í•˜ê²Œ êµ¬ê²½í•˜ê¸° ì¢‹ì•„ìš”	1
êµ¿	1
ì•„ì´ë“¤ê³¼ ê°€ê¸° ì¢‹ì•„ìš”	1
ì´ê±° ë§Œë“¤ë ¤ê³  3100ì–µì„ ì¼ë‹¤êµ¬ìš”? ì–¼ë§ˆë‚˜ í•´ë¨¹ì—ˆì„ê¹Œ ìƒê°ë°–ì—..	0
ì •ë§ ë„“ê³  ë³¼ê±°ë¦¬ê°€ ë§Žì•„ìš”!! ì•„ì´ì™€ í•¨ê»˜ ë°±ë³´ì—´ë„ ì°¸ì—¬í–ˆì–´ìš”!!	1
ì‚¬ì§„ ì°ê¸°ê°€ ì¢‹ì•„ìš” ì¾Œì í•˜ê³  ê±¸ì–´ë‹¤ë‹ˆê¸°ë„ ì¢‹ì•„ìš”	1
ìž¬ë¯¸ìžˆê²Œ êµ¬ê²½í–ˆì–´ìš”	1
êµ¿	1
ë„ˆë¬´ ë„“ì–´ì„œ ë‹¤ ë³¸ë‹¤ê³  ê³ ìƒí–ˆë„¤ìš” ë³¼ê±°ë¦¬ê°€ ë§Žì•„ìš”	1
ìž…ìž¥ë£Œê°€ ì¡°ê¸ˆ ë¹„ì‹¸ì§€ë§Œ ê·¸ëž˜ë„ ì „ì‹œê´€ í¬í•¨ì´ë¼.. ì¢‹ë„¤ìš”. ë„ì°í•˜ê³  ì‚¬ì§„ì°ê¸°ì—” ì•„ì£¼ ì¢‹ìŠµë‹ˆë‹¤.	1
êµ¿!	1
ì¢‹ì•„ìš”	1
ê²¨ìš¸ë‚ ì˜ ì‚°ì±…	1
êµ¬ê²½ìž˜í–ˆì–´ìš”~ì„¤ë‚  í–‰ì‚¬ë¡œ ë–¡ë©”ì¹˜ê¸°í•˜ê³  ì¸ì ˆë¯¸ ë‚˜ëˆ ì£¼ì…¨ëŠ”ë° ë„˜ ë§›ìžˆì—ˆì–´ìš”^^	1
ë¬¸í™”ë‹¨ì§€ì•ˆì— ì „ê¸°ìžì „ê±°(?)ê°€ ìžˆì–´ ì• ë“¤ì´ ì¢‹ì•„í–ˆì–´ìš”. ê·¸ëŸ°ë° ì‚´ì‚´ ê±·ê¸°ì—ë„ ê´œì°®ì„ ê²ƒ ê°™ì•„ìš”. ëŒì•„ë³¼ë§Œí•©ë‹ˆë‹¤	1
ëª…ì ˆì—°íœ´ì— ê°€ì¡±ë“¤ê³¼ ë°©ë¬¸í–ˆì–´ìš”~ ê²¨ìš¸ì‹œì¦Œì€ ì²˜ìŒì¸ë°, ë‚ ì”¨ë„ ì¢‹ê³  ì¶¥ì§€ì•Šì•„ì„œ ë„ˆë¬´ ì¢‹ì•˜ì–´ìš” ì„¤ë‚ ì´ì–´ì„œ ì—°ë‚ ë¦¬ê¸°í•˜ì‹œëŠ” ë¶„ë“¤ë„ ìžˆê³ , ì•„ì´ë“¤ë„ í•  ìˆ˜ ìžˆëŠ” ë†€ì´ë“¤ì´ ë§Žë”ë¼êµ¬ìš”^^ ì¡°ìš©í•˜ê²Œ ì‚°ì±…í•˜ë©° êµ¬ê²½í•˜ê¸°ë„ ì¢‹ê³ , ê¹¨ë—í•˜ê³  ê´€ë¦¬ê°€ ìž˜ë˜ì–´ ìžˆì–´ ì˜¬ë•Œë§ˆë‹¤ ê¸°ë¶„ì¢‹ì€ ê³³ì´ì—ìš” ê³ ì¦ˆë„‰í•˜ê³  ë©‹ì§„ ë°±ì œë¬¸í™”ë‹¨ì§€ì—ì„œ ì˜¤ëŠ˜ë„ ížë§ë°›ê³  ì™”ì–´ìš”^^ ìž…êµ¬ìª½ì— ìžë™ì „ê¸°ì°¨ê°€ ìžˆëŠ”ë° 40ë¶„ì— 2ë§Œì›ì´ì—ìš” ë„ˆë¬´ íŽ¸í•˜ê³ , ìž¬ë°Œìœ¼ë‹ˆê¹Œ ê¼­ íƒ€ë³´ì‹œê¸¸ ì¶”ì²œì´ìš”~!! ê°€ì¡±ë“¤ê³¼ í•¨ê»˜í•˜ê¸° ì •ë§ ì¢‹ì€ ê³³â™¡â™¡	1
ì„¤ë‚ ì¹˜ê³  ì²´í—˜ì•ˆí•˜ëŠ”ê²Œ ë§Žì§€ë§Œ ìƒê°ë³´ë‹¤ ë„“ê³  ë³¼ê±°ë¦¬ê°€ ë§Žì•„ìš” 	1
ì¢‹ì•„ìš”	1
ë³¼ê²ƒë„ ì€ê·¼ ë§Žì•„ì„œ ê½¤ë‚˜ ë§Œì¡±í–ˆì–´ìš”. ë¶€ì—¬ ë˜ ê°€ë©´ ì‚¬ì§„ì°ìœ¼ëŸ¬ ë§Œì´ë¼ë„ ë˜ ê°ˆ ê±° ê°™ì•„ìš”!	1
êµ¿êµ¿	1
ë°±ì œë¬¸í™”ë‹¨ì§€ ê²¨ìš¸ì´ë¼ ê·¸ë ‡ì§€ í•œë²ˆ ë‹¤ë…€ì˜¤ê¸° ì¢‹ë„¤ìš”	1
ì˜· ìž…ê³  ì²´í—˜í•˜ê³  ì§ì›ë¶„ ë„ˆë¬´ ì¢‹ìœ¼ì‹­ë‹ˆë‹¤. ì‚¬ì§„ ì´¬ì˜í•´ì£¼ì‹œê³  ë½€ìƒµê¹Œì§€ ^^ ì¢‹ì€ ì²´í—˜ ë„ˆë¬´ ê°ì‚¬í•©ë‹ˆë‹¤^^ìƒˆí•´ë³µ ë§Žì´ ë°›ìœ¼ì„¸ìš”^^	1
ìƒˆë¡œ ì¡°ì„±ëœ ê³³ì´ë¼ ê·¸ëŸ°ì§€ ì •ë§ ê¹¨ë—í•˜ê³  ì‚°ì±…í•˜ê¸° ë„ˆë¬´ ì¢‹ì•„ìš”. ì •ì‹œë§ˆë‹¤ ë¬´ë£Œ ë„ìŠ¨íŠ¸ë„ í•´ì£¼ì‹œëŠ”ë° ë§ˆì¹¨ ì‹œê°„ì´ ë§žì•„ì„œ êµ¬ê²½í•˜ë©´ì„œ ë§Žì´ ë°°ìš°ê³  ìž¬ë°Œì—ˆë„¤ìš” ë„ìŠ¨íŠ¸ ê¸¸ì´ë„ ê¸¸ì§€ ì•Šì•„ì„œ ê°€ë³ê²Œ ì„¤ëª… ë“£ê³  êµ¬ê²½í•´ë„ ì‹œê°„ì´ ì¶©ë¶„í•œ ê±° ê°™ì•„ìš”. ê²¨ìš¸ì—ëŠ” í•˜ëŠ˜ì´ ë§‘ì•„ì„œ ë„ˆë¬´ ì˜ˆë»¤ëŠ”ë° ë´„ì— ë²šê½ƒì´ í”¼ë©´ ê·¸ í’ê²½ë„ ì˜ˆì  ê±° ê°™ì•„ ê¸°ëŒ€ê°€ ë˜ëŠ” ê³³ì´ì—ìš”. ê°€ê²© ë©´ì—ì„œë„ ë°•ë¬¼ê´€ë„ í•¨ê»˜ ì´ìš©í•  ìˆ˜ ìžˆì–´ì„œ ì¢‹ì•˜ì–´ìš”.	1
ê³ ì–‘ì´ë“¤ì´ ì—„ì²­ ì‚¬ëžŒ ì¢‹ì•„í•´ìš”! ì• ë“¤ì´ í•œì°¸ ê³ ì–‘ì´ëž‘ ë†€ì•˜ì–´ìš”. ê³³ê³³ì´ ë‹¤ ë©‹ì ¸ì„œ ì‚¬ì§„ ì°ê¸° ì¢‹ì•„ìš”. ìž…ìž¥í•  ë•Œ ë„“ì€ ë§ˆë‹¹ì— ë¹„ëˆ—ë°©ìš¸, ì¤„ë„˜ê¸°, í›„í”„, ìœ·ë†€ì´ê°€ ìžˆì–´ì„œ ë†€ê¸°ì—ë„ ì¢‹ì•„ìš”. 4ì‹œì— ìž…ìž¥í•´ì„œ 5ì‹œê¹Œì§€ êµ¬ê²½í•˜ê¸° ì•„ì‰¬ì› ì–´ìš”. ë‹¤ì‹œ ë˜ ê°€ë³¼ëž˜ìš”.	1
ì¢‹ì•„ìš”	1
ì´ë²ˆì— ê°€ì¡±ì—¬í–‰ìœ¼ë¡œ ë¶€ì—¬ ë°±ì œë¬¸í™”ë‹¨ì§€ ë‹¤ë…€ì™”ëŠ”ë° ë³¼ê±°ë¦¬ë„ë§Žê³  ì²´í—˜í• ê±°ë¦¬ë„ ë§Žê³  ë‹¤ì–‘í•´ ì•„ì´ë„ ì–´ë¥¸ë„ ì¦ê²ê²Œë‹¤ë…€ì˜¬ìˆ˜ìžˆì–´ì„œ ì¢‹ì•˜ì–´ìš”! ë°”ë¡œì˜†ì— ì•„ìš¸ë ›ë„ ìžˆë˜ë° ë‹¤ìŒë²ˆì— ë°©ë¬¸í•˜ë©´ ì•„ìš¸ë ›ë„ ë“¤ë ¸ë‹¤ì™€ì•¼ê² ì–´ìš” í—¤í—· ã…‹ã…‹ã…‹ã…‹ ê°€ì¡±ì—¬í–‰ìœ¼ë¡œ ë‹¤ë…€ì˜¨ ë°±ì œë¬¸í™”ë‹¨ì§€ ë„ˆë¬´ ì¦ê²ê²Œ ìž˜ ìžˆë‹¤ì™”ìŠµë‹ˆë‹¤! ë˜ ë°©ë¬¸í•˜ê² ìŠµë‹ˆë‹¤	1
ê°€ì¡±ë“¤ê³¼ ì •ë§ ì¦ê±°ìš´ ê´€ëžŒì´ì˜€ìŠµë‹ˆë‹¤. íŠ¹ížˆ ì‚¬ë¹„ì˜ ê½ƒ 3D ì˜ìƒì€ ê°ë™ì ì¸ ìŠ¤í† ë¦¬ì˜€ì–´ìš”. ìž¬ë°©ë¬¸ ì˜ì‚¬ ìžˆìŠµë‹ˆë‹¤. ê°ì‚¬í•©ë‹ˆë‹¤.^^	1
ì‚¬ì§„ì°ìœ¼ë©´ ì´ë»ìš”.ìžì „ê±° ì´ìš©í• ìˆ˜ ìžˆì–´ ì¢‹ê³ ,ë„“ê³  ë¬´ë£Œì²´í—˜ë„ìžˆê³  ì¢‹ìŠµë‹ˆë‹¤	1
êµ¿	1
ë„“ê³  ê°€ë³ê²Œ ì‚°ì±…í•˜ë©´ì„œ ë‘˜ëŸ¬ë³´ê¸° ì¢‹ì€ê³³ì´ì˜ˆìš”~ ë¬´ë£Œë¡œ ì˜ìƒì²´í—˜ë„ ìžˆë”ë¼ê³ ì—¬ ê·¸ë¦¬ê³  ì‚¬ì§„ ì§ì ‘ ì°ì–´ì£¼ì…”ì„œ í¬í† ìƒµê¹Œì§€ í•´ì£¼ì‹œê³  ìº˜ë¦¬ê·¸ë¼í”¼ êµ¬ê²½ë„ í–ˆë‹µë‹ˆë‹¤! ì„¸ìƒì¹œì² í•œ ì§ì›ë¶„ ë•ë¶„ì— ì¢‹ì€ì‚¬ì§„ì–»ê³  ì•Œì°¨ê²Œë³´ë‚´ê³  ì™”ì–´ìš”~ ì¢‹ì€ì¶”ì–µë§Œë“¤ê³  ì™”ë‹µë‹ˆë‹¤!	1
ë°±ì œëŠ” ìœ ì ì´ ì˜¨ì „í•˜ê²Œ ë‚¨ì€ ê³³ì´ ë§Žì§€ ì•Šì€ë°, ì´ë ‡ê²Œ í° ê³µê°„ì— ë³µì›í•´ ë‘” ê¶ê¶ê³¼ ì‚¬ì°°ì„ ë³´ë‹ˆ ë°±ì œ ë¬¸í™”ì˜ ì•„ë¦„ë‹¤ì›€ì„ ì¡°ê¸ˆì´ë‚˜ë§ˆ ëŠë‚„ ìˆ˜ ìžˆì—ˆìŠµë‹ˆë‹¤. ë˜ ê¸°ë…í’ˆ ê°€ê²Œì— ì˜¤ìˆ˜ì „ ëª¨í˜•ì²˜ëŸ¼ ìƒê°ë³´ë‹¤ ì €ë ´í•˜ë©´ì„œë„ ê´œì°®ì€ ë¬¼í’ˆì´ ì—¬ëŸ¿ ìžˆì–´ ì¢‹ì•˜ìŠµë‹ˆë‹¤.	1
ì–´ì°¨ ê¼­ ë¹Œë¦¬ì„¸ìš” ì§„ì§œ íŽ¸í•˜ê³  ì¢‹ì•„ìš” ê·¸ë¦¬ê³  í•œë³µëŒ€ì—¬ í•˜ì‹œê³  ê¼­ ì‚¬ì§„ë„ ì°ìœ¼ì„¸ìš” ì¢‹ì€ ì¶”ì–µì´ ë©ë‹ˆë‹¤	1
êµ¿	1
êµ¿	1
ê¸‹	1
ë‚ ì”¨ê°€ ìŒ€ìŒ€í–ˆì§€ë§Œ ì•„ì´ë“¤ê³¼ í•œë°”í€´ ë‘˜ëŸ¬ë³´ë©° ë°±ì œì˜ ë¬¸í™”ë¥¼ ì¦ê²¼ì–´ìš”. ì „ê¸°ìžì „ê±° íƒ€ë©° ì´ë™í•˜ëŠ” ê²ƒë„ ì†Œì†Œí•œ ìž¬ë¯¸ê°€ ìžˆì—ˆê³  ì¤‘ê°„ì¤‘ê°„ ì²´í—˜ë†€ì´ê°€ ë§Žì•„ì„œ ì‹œê°„ê°€ëŠ” ì¤„ ëª¨ë¥´ê³  ë†€ì•˜ë„¤ìš”.	1
ë³¼ê±°ë¦¬ìžˆì—ˆë˜ ë°±ì œë¬¸í™”ë‹¨ì§€ ìž…ìž¥ë£Œ ì„±ì¸ 6,000ì› ì²­ì†Œë…„ 4,500ì› ì„±ì¸2ì¸ê³¼ ì²­ì†Œë…„ 1ì¸ì¸ë° ì²­ë£¡ì˜ í•´ ì´ë²¤íŠ¸ë¡œ ìš©ë ëŠ” ë¬´ë£Œìž…ìž¥ì´ë¼ì„œ 1ì¸ì€ ê³µì§œìž…ë‹ˆë‹¤ ì •ë¬¸ì„ ì§€ë‚˜ë©´ ì •ë©´ì— ì‚¬ë¹„ê¶ ìš°ì¸¡ì€ ì‚¬ì°°ì¸ ëŠ¥ì‚¬ ì¢Œì¸¡ì€ ìƒí™œêµ¬ì—­ ì‚¬ë¹„ê¶ ë’·íŽ¸ì€ ìœ„ë¡€ì„±ê³¼ ì™•ë¦‰ìœ¼ë¡œ ê¾¸ë©°ì ¸ìžˆì–´ìš” ê³µê°„ë„ ë„“ê³  ë³¼ê±°ë¦¬ë„ ê½¤ ìžˆì–´ì„œ ì‚°ì±…ê²¸ ì‚´ì‚´ êµ¬ê²½í•˜ë‹¤ë³´ë©´ ì œë²• ê±¸ì„ê²Œìžˆì–´ìš” ë°±ì œì‹œëŒ€ ê¶ê¶ê³¼ ê·€ì¡±, í‰ë¯¼ì˜ ìƒí™œê³µê°„ì´ ìžì„¸í•œ ì„¤ëª…ê³¼ í•¨ê»˜ ìž˜ ê¾¸ë©°ì ¸ ìžˆì–´ì„œ ë³¼ê±°ë¦¬ë„ ë§Žì•˜ì–´ìš” ê²½ì£¼ëŠ” í•™ì°½ì‹œì ˆ ìˆ˜í•™ì—¬í–‰ì´ë‚˜ ì„±ì¸ì´ ë˜ì„œë„ ì¢…ì¢… ë‹¤ë…€ì™€ì„œ ë¬¸í™”ë„ ìœ ë¬¼ë„ ìœ ì ì§€ë„ ìµìˆ™í•œë° ë¶€ì—¬ëŠ” ì²˜ìŒì´ë¼ ë°±ì œì— ëŒ€í•´ ì•Œìˆ˜ìžˆëŠ” ê¸°íšŒì—¬ì„œ ëœ»ê¹Šì€ ì‹œê°„ì´ì—ˆì–´ìš” ë°”ë¡œ ì˜†ì— ë¡¯ë°ì•„ìš¸ë › ìžˆì–´ì„œ ê°™ì´ ë‘˜ëŸ¬ë´ë„ ì¢‹ê² ë”ë¼êµ¬ìš” ë¶€ì—¬ê°€ì‹ ë‹¤ë©´ êµ­ë¦½ë¶€ì—¬ë°•ë¬¼ê´€ê³¼ ë°±ì œë¬¸í™”ë‹¨ì§€ëŠ” ê¼­ ê°€ë³´ê¸¸ ì¶”ì²œë“œë ¤ìš”	1
ë„ˆë¬´ ì¶”ì›Œì„œ ë‹¤ ì œëŒ€ë¡œ ëª»ë´ì„œ ì•„ì‰¬ì› ì–´ìš” ìž˜ ê¾¸ë©°ì ¸ìžˆê³  ì•„ì´ë“¤ê³¼ ì²œì²œížˆ êµ¬ê²½í•˜ë©´ì„œ ì‹œê°„ë³´ë‚´ê¸° ì¢‹ì€ê³³ì´ë„¤ìš” ë‹¤ìŒì— ê°€ë©´ ì œëŒ€ë¡œ ë³´ê³ ì‹¶ì–´ìš”	1
ì¢‹ì•„ìš”	1
ì¢‹ì•„ìš”	1
ì¢‹ì•„ìš” ì¶”ì²œí•©ë‹ˆë‹¤	1
êµ¿	1
ì—¬ê¸° ë„˜ ì¢‹ì•„ìš”! ê´€ë¦¬ë„ ì—„ì²­ ìž˜ ë˜ì–´ìžˆê³  ã…Žã…Ž ì–´ì¢Œì— ì§ì ‘ ì•‰ì•„ë³¼ ìˆ˜ë„ ìžˆì–´ìš” ã…Žã…Ž ìƒê°ë³´ë‹¤ ì—„ì²­ ë„“ìœ¼ë‹ˆ ë§Žì´ ê±¸ì„ ì¤€ë¹„ í•˜ì…”ìš” ã…Žã…Ž	1
ë„¤ì´ë²„ ì˜ˆì•½ë³´ë‹¤ ë¦¬ì¡°íŠ¸ ì´ìš©í• ê²½ìš° í• ì¸ì´ ë” ë§Žì´ ë˜ë„¤ìš”.. ì²­ìš©ì˜ í•´ë¼ì„œ ìš©ë ëŠ” ë¬´ë£Œìž…ìž¥ìž…ë‹ˆë‹¤. ë°±ë³´ì—´ ì²´í—˜ì„ í•˜ê²Œ ë˜ë©´ ìŠ¤íƒ¬í”„ ì°ëŠ” ê²Œ ìžˆëŠ”ë°, ë‘ë²ˆì§¸ ì‚¬ì§„ì€ ìŠ¤íƒ¬í”„ ì°ëŠ” ìœ„ì¹˜ì—ìš”. ë‚˜ë¬´ì§‘ ìƒìžë¥¼ ì°¾ìœ¼ì„¸ìš”.	1
ë¹„ê°€ ì™€ì„œ ì•„ì‰½ê²Œë„ ë°±ì œë¬¸í™”ë‹¨ì§€ ì „ì²´ë¥¼ ë‘˜ëŸ¬ë³´ì§€ ëª»í–ˆìŠµë‹ˆë‹¤.í•˜ì§€ë§Œ ì—­ì‚¬ë¬¸í™”ê´€ë§Œ ë´ë„ ì–¼ë§ˆë‚˜ ìž˜ ì§€ì—ˆëŠ”ì§€ ì•Œìˆ˜ ìžˆì—ˆìŠµë‹ˆë‹¤. ì•„ì´ë“¤ ì²´í—˜ë„ í• ìˆ˜ ìžˆê³  ì˜ìƒì‹œì²­ë„ ê°€ëŠ¥í•©ë‹ˆë‹¤. ì§§ì§€ë§Œ ìž¬ë°ŒëŠ” ì‹œê°„ì´ì—ˆìŠµë‹ˆë‹¤	1
êµ¿	1
í•œì í•˜ê³  ë³¼ê²Œ ë§Žì•„ì„œ ì¢‹ì•˜ì–´ìš”	1
10ë…„ ì „ì— ì™”ë‹¤ê°€ ì˜¤ëžœë§Œì— ë‹¤ì‹œ ì°¾ì•˜ì–´ìš”. ë³¼ê±°ë¦¬ê°€ ë”ìš± ë§Žì•„ì§€ê³  ì •ë§ ë„ˆë¬´ ì¢‹ë„¤ìš”. íŠ¹ížˆ ì˜ìƒì²´í—˜ ê¼­ í•´ë³´ì„¸ìš”!! ì‚¬ì§„ ì°ì–´ì£¼ì‹œê³  í¬í† ìƒµë„ ì§ì ‘ í•´ì£¼ì‹œê³ , ìº˜ë¦¬ê·¸ë¼í”¼ë„ ê·¸ë ¤ì£¼ì‹œëŠ”ë° ì§„ì§œ ë„ˆë¬´ ì¹œì ˆí•˜ì‹œê³  ë„ˆë¬´ ì¢‹ì•„ìš”!! ì§„ì§œ ë•ë¶„ì— ì¢‹ì€ ì¶”ì–µ ë§Œë“¤ì–´ ê°‘ë‹ˆë‹¤!	1
ì¢‹ì•„ìš”	1
ì¡°ì•„ìš”	1
ìƒê°ë³´ë‹¤ ì‹¤ë§ ìž…ìž¥ë£ŒëŒ€ë¹„í•´ ì¡°ê¸ˆ ë„ˆë¬´ë§Žì€ê¸°ëŒ€ë¥¼ í•˜ì˜€ë‚˜ë´ìš” ë°±ì œë¬¸í™”ì—ëŒ€í•˜ì—¬ ì¡°ê¸ˆì€ ë„ì›€ì€ë˜ëŠ”ë° ëª¨ë‘ ìž¬í˜„ì´ë¼ ã†ã†ã†	0
ê°€ì¡±ì—¬í–‰ìœ¼ë¡œ ê°„ ë°±ì œë¬¸í™”ë‹¨ì§€ ìƒê°ë³´ë‹¤ ë„ˆë¬´ ì¢‹ì•˜ì–´ìš” ê°€ì¡±ëª¨ë‘ ì‹ ì²­í•œ ì²´í—˜ì€ ìž¬ë°Œê³  ìƒí’ˆìœ¼ë¡œ ìƒìž¥ê³¼ ë™ì „ì´ˆì½”ë ›ë„ ìž˜ë°›ì•˜ì–´ìš” ì²´í—˜ì„ í•˜ë‹¤ë³´ë‹ˆ ë°±ì œì— ëŒ€í•´ ë” ë°°ìš°ëŠ” ì‹œê°„ì´ì˜€ë„¤ìš” ì§ì›ë¶„ë“¤ ëª¨ë‘ ì¹œì ˆí•˜ì…”ì–´ìš” ì•¼ì™¸ëŠ” ì•„ì§ë„ ê±´ë¬¼ ë§Œë“¤ê³  ì •ë¦¬ì¤‘ì´ë˜ë° ì™„ê³µë˜ê³  ì¡°ê¸ˆ ë”°ëœ»í• ë•Œ ë‹¤ì‹œ ë°©ë¬¸í•˜ë©´ ì¢‹ì„ê²ƒ ê°™ì•„ìš”	1
ë„ˆë¬´ ë©‹ì§€ê³  ì•„ì´ë“¤ê³¼ í•œì í•˜ê²Œ êµ¬ê²½í• ê²Œ ë§Žì•„ìš”	1
ë¶€ëª¨ë‹˜ ì•„ì´ë“¤ ëª¨ë‘ì—ê²Œ ì¢‹ì€ ê³³^^ ì‚°ì±…í•˜ê¸°ë„ ì¢‹ì•„ìš”.	1
ë¬´ë£Œì˜ìƒì²´í—˜ ì‚¬ì§„ë„ ìž˜ë‚˜ì˜¤ê³  ì¹œì ˆí•˜ì‹œê³  ë„ˆë¬´ ìž¬ë¯¸ìžˆì—ˆì–´ìš”	1
ìž…ìž¥í• ë•Œ ì§ì›ë¶„ë„ ì¹œì ˆí•˜ì…¨ê³  ë³¼ê±°ë¦¬ê°€ ë§Žì•˜ì–´ìš”	1
ì¶”ìš´ ë‚ ì´ì˜€ì§€ë§Œ ë³¼ê±°ë¦¬ê°€ ë§Žì•˜ì–´ìš”! ê³ ì–‘ì´ë„ ìžˆê³  ì—¼ì†Œë„ ìžˆê³  í† ë¼ëž‘ ë‹­ ì˜¤ë¦¬ ë“±ë“± ë™ë¬¼ë“¤ ë¨¹ì´ë„ ì§ì ‘ ì£¼ê³  ì¦ê±°ì› ì–´ìš” ì‚°ì±…ë¡œê°€ ìž˜ë˜ì–´ìžˆì–´ì„œ ë‚ ì”¨ê°€ ì¢‹ì„ ë•Œ ì˜¤ë©´ ë” ì¢‹ì„ ê²ƒ ê°™ì•„ìš”	1
í•´ì„¤ë„ í•´ì¤˜ì„œ ì¢‹ì•„ìš”~	1
	1
	1
	1
	1
	1
	1
	1
	1
	1
	1
	1
	1
	1
	1
	1
	1
	1
	1
	1
	1
	1
	1
	1
	1
	1
	1
	1
	1
	1